Nome,Data Fundação,Média Funcionários,Endereço,Área Atuação
"LIMER-STAMP ESTAMPARIA, FERRAMENTARIA E USINAGEM LTDA",-,-,"Rua Jose Fontanin, 310 - LIMEIRA, SP",Fabricação de outras peças e acessórios para veículos automotores não especificadas anteriormente
SAKURA TECH BRASIL FERRAMENTARIA E MOLD. PLASTICA LTDA.,-,-,"Rua Mariana Rezende Migrone, 618 - ITU, SP",Fabricação de outras peças e acessórios para veículos automotores não especificadas anteriormente
KRISMA FERRAMENTARIA LTDA,-,-,"Rua Clodoaldo Gomes, 534 - JOINVILLE, SC",Fabricação de outras peças e acessórios para veículos automotores não especificadas anteriormente
ESFER,-,-,"Avenida Carlos Botelho, 85 - NOVA ODESSA, SP",Fabricação de outras peças e acessórios para veículos automotores não especificadas anteriormente
MTSZ FERRAMENTARIA E INJECAO PARA TERMOPLASTICOS,-,-,"Avenida Portugal, 71 - ITAPEVI, SP",Fabricação de outras peças e acessórios para veículos automotores não especificadas anteriormente
MOLD BRASIL FERRAMENTARIA LTDA,-,-,"Rodovia Presidente Dutra Km 214 - GUARULHOS, SP",Fabricação de outras peças e acessórios para veículos automotores não especificadas anteriormente
FERRAMENTARIA GASPEC,-,-,"Avenida Novo Horizonte, 255 - SANTO ANDRE, SP",Fabricação de outras peças e acessórios para veículos automotores não especificadas anteriormente
IMS ENGENHARIA & FERRAMENTARIA LTDA,-,-,"Rua Coronel Ferreira de Araujo, 231 - MANAUS, AM",Fabricação de outras peças e acessórios para veículos automotores não especificadas anteriormente
ESTAMPARIA ITUPEVA,-,-,"Rua Americo Simoes, 400 - ITUPEVA, SP",Fabricação de outras peças e acessórios para veículos automotores não especificadas anteriormente
MOLDTOOL FERRAMENTARIA LTDA,-,-,"Avenida Placido Hugo de Oliveira, 1580 - JOINVILLE, SC",Fabricação de outras peças e acessórios para veículos automotores não especificadas anteriormente
BC FERRAMENTARIA,-,-,"Trecho Sia Trecho 3 - BRASILIA, DF",Fabricação de outras peças e acessórios para veículos automotores não especificadas anteriormente
CIANI & DAMO PROJETOS E FERRAMENTARIA LTDA,-,-,"Rua Batista Raffi, 212 - SUMARE, SP",Fabricação de outras peças e acessórios para veículos automotores não especificadas anteriormente
USICOMP - FERRAMENTARIA E INDUSTRIA DE PECAS LTDA,-,-,"Rua Vereador Sergio Leopoldino Alves, 362 - SANTA BARBARA D'OESTE, SP",Fabricação de outras peças e acessórios para veículos automotores não especificadas anteriormente
BRASFER EQUIPAMENTOS INDUSTRIAIS,-,-,"Rua Raimundo Welter, 122 - JOINVILLE, SC",Fabricação de outras peças e acessórios para veículos automotores não especificadas anteriormente
FERRAMENTARIA JN LTDA,-,-,"Rua Jacutinga, 206 - JOINVILLE, SC",Fabricação de outras peças e acessórios para veículos automotores não especificadas anteriormente
PASSARELLA USINAGEM E FERRAMENTARIA LTDA,-,-,"Rua Krebsfer, 781 - VALINHOS, SP",Fabricação de outras peças e acessórios para veículos automotores não especificadas anteriormente
ASPRO PLASTIC INDUSTRIA E COMERCIO DE ARTIGOS PLASTICOS E FERRAMENTARIA LTDA,-,-,"Rua Gaspar Rodrigues, 435 - SAO PAULO, SP",Fabricação de outras peças e acessórios para veículos automotores não especificadas anteriormente
NORTE FERRAMENTARIA,-,-,"Rua Senador Petronio Portela, 47 - JOINVILLE, SC",Fabricação de outras peças e acessórios para veículos automotores não especificadas anteriormente
THMV INJECAO PLASTICA E FERRAMENTARIA LTDA,-,-,"Rua Luiz Anbial, 300 F - CRAVINHOS, SP",Fabricação de outras peças e acessórios para veículos automotores não especificadas anteriormente
FERRAMENTARIA FERRAVE LTDA,-,-,"Avenida Brasil, 4800 - RIO CLARO, SP",Fabricação de outras peças e acessórios para veículos automotores não especificadas anteriormente
MOLDES BRASIL,-,-,"Rua Santos Dumont, 3018 - HERVAL D'OESTE, SC",Fabricação de outras peças e acessórios para veículos automotores não especificadas anteriormente
PLANIFER-FERRAMENTARIA E ESTAMPARIA LTDA,-,-,"Rodovia Dom Pedro I, 71 - CAMPINAS, SP",Fabricação de outras peças e acessórios para veículos automotores não especificadas anteriormente
FERRAMENTARIA INJECAO GASPARETTE LTDA,-,-,"Avenida Vereador Raymundo Hargreaves, 1a - JUIZ DE FORA, MG",Fabricação de outras peças e acessórios para veículos automotores não especificadas anteriormente
MRB MACHINING,-,-,"Rua Joao Ferreira Sobrinho, 95 - CURITIBA, PR",Fabricação de outras peças e acessórios para veículos automotores não especificadas anteriormente
METALMASSA FERRAMENTARIA E INJECAO LTDA,-,-,"Rodovia Sc 108, 10730 - MASSARANDUBA, SC",Fabricação de outras peças e acessórios para veículos automotores não especificadas anteriormente
ADF MAQUINAS E EQUIPAMENTOS,-,-,"Rua Waldemiro Jose Borges, 220 - JOINVILLE, SC",Fabricação de outras peças e acessórios para veículos automotores não especificadas anteriormente
SINTERCAN FERRAMENTARIA LTDA.,-,-,"Alameda Jupiter, 989 e - INDAIATUBA, SP",Fabricação de outras peças e acessórios para veículos automotores não especificadas anteriormente
LUCK FERRAMENTARIA,-,-,"Rua Andre Adolfo Ferrari, 386 - INDAIATUBA, SP",Fabricação de outras peças e acessórios para veículos automotores não especificadas anteriormente
3R FERRAMENTARIA E USINAGEM,-,-,"Rodovia a 280 A, 9259 - ARAQUARI, SC",Fabricação de outras peças e acessórios para veículos automotores não especificadas anteriormente
DIGIMOLD - FERRAMENTARIA DE PRECISAO LTDA,-,-,"Avenida Nossa Senhora da Penha, 530 - BRAGANCA PAULISTA, SP",Fabricação de outras peças e acessórios para veículos automotores não especificadas anteriormente
USIFESP - USINAGEM E FERRAMENTARIA SAO PAULO S.A,-,-,"Via de Acesso Joao de Goes, 479 - JANDIRA, SP",Fabricação de outras peças e acessórios para veículos automotores não especificadas anteriormente
ALFATECH - FERRAMENTARIA DE PRECISAO LTDA,-,-,"Avenida Jose Gomes da Rocha Leal, 1178 - BRAGANCA PAULISTA, SP",Fabricação de outras peças e acessórios para veículos automotores não especificadas anteriormente
RK FERRAMENTARIA LTDA,-,-,"Rua Valenza, 154 - COLOMBO, PR",Fabricação de outras peças e acessórios para veículos automotores não especificadas anteriormente
GREEN MOLDE,-,-,"Rua Doutor Andre Costa, 392 - SAO PAULO, SP",Fabricação de outras peças e acessórios para veículos automotores não especificadas anteriormente
FERRAMENTARIA FERMOLD LTDA,-,-,"Rua Tupy, 560 - JOINVILLE, SC",Fabricação de outras peças e acessórios para veículos automotores não especificadas anteriormente
DJ MODELACAO E FERAMENTARIA S/C LTDA,-,-,"Rua Doutor Oswaldo Mellone, 129 - SAO BERNARDO DO CAMPO, SP",Fabricação de outras peças e acessórios para veículos automotores não especificadas anteriormente
MIDIA FERRAMENTARIA LTDA,-,-,"Rua Xavantes, 155 - JOINVILLE, SC",Fabricação de outras peças e acessórios para veículos automotores não especificadas anteriormente
RIBFER USINAGEM E FERRAMENTARIA LTDA,-,-,"Rua Antonia Martins Luiz, 111 - INDAIATUBA, SP",Fabricação de outras peças e acessórios para veículos automotores não especificadas anteriormente
QUALITY FERRAMENTARIA,-,-,"Rua Waldemiro Jose Borges, 4350 - JOINVILLE, SC",Fabricação de outras peças e acessórios para veículos automotores não especificadas anteriormente
OLIVEIRA FERRAMENTARIA,-,-,"Avenida Parana, 118 - PINDAMONHANGABA, SP",Fabricação de outras peças e acessórios para veículos automotores não especificadas anteriormente
BRAWAL FERRAMENTARIA DE PRECISAO LTDA.,-,-,"Avenida Sapopemba, 4344 - SAO PAULO, SP",Fabricação de outras peças e acessórios para veículos automotores não especificadas anteriormente
SANDEZA USINAGEM E FERRAMENTARIA LTDA.,-,-,"Avenida Netinho Prado, 580 - JAU, SP",Fabricação de outras peças e acessórios para veículos automotores não especificadas anteriormente
FERRAMENTARIA E PROTOTIPO SOLUCAO LTDA,-,-,"Rua Dois, 165 - BETIM, MG",Fabricação de outras peças e acessórios para veículos automotores não especificadas anteriormente
IFER ESTAMPARIA E FERRAMENTARIA LTDA,-,-,"Rua Cristalino Rolim de Freitas, 291 - SAO PAULO, SP",Fabricação de outras peças e acessórios para veículos automotores não especificadas anteriormente
ENNOVE,-,-,"Estrada Municipal Gabriel Crncovick, 29 - AGUA VERMELHA, SP",Fabricação de outras peças e acessórios para veículos automotores não especificadas anteriormente
WALBERT,-,-,"Rodovia Br.280 Km. 29,, 3.057 - ARAQUARI, SC",Fabricação de outras peças e acessórios para veículos automotores não especificadas anteriormente
MAR-TEC,-,-,"Rua Monteiro Lobato, 38 - SAO BERNARDO DO CAMPO, SP",Fabricação de outras peças e acessórios para veículos automotores não especificadas anteriormente
DECON INDUSTRIA DE FERRAMENTARIA E PROTOTIPO LTDA,-,-,"Rua Alvares Cabral, 169 - DIADEMA, SP",Fabricação de outras peças e acessórios para veículos automotores não especificadas anteriormente
ANTONIO COSTA FERRAMENTARIA LTDA,-,-,"Avenida Doutor Wady Badra, 347 - JUNDIAI, SP",Fabricação de outras peças e acessórios para veículos automotores não especificadas anteriormente
FERRAMENTARIA CAXAMBU,-,-,"Avenida Capitao Francisco Copelli, 350 - JUNDIAI, SP",Fabricação de outras peças e acessórios para veículos automotores não especificadas anteriormente
MODELO METALMECANICA,-,-,"Rua Professor Algacyr Munhoz Mader, 2300 - CURITIBA, PR",Fabricação de outras peças e acessórios para veículos automotores não especificadas anteriormente
FERRAMENTARIA AMERICA LATINA LTDA,-,-,"Rua Herminio de Mello, 931 - INDAIATUBA, SP",Fabricação de outras peças e acessórios para veículos automotores não especificadas anteriormente
TOP LINE FERRAMENTARIA,-,-,"Rua Santa Catarina, 4749 - JOINVILLE, SC",Fabricação de outras peças e acessórios para veículos automotores não especificadas anteriormente
JF FERRAMENTARIA UNIVERSAL LTDA,-,-,"Rua Francisco de Almeida Guimaraes, 333 - LIMEIRA, SP",Fabricação de outras peças e acessórios para veículos automotores não especificadas anteriormente
ARO ESTAMPARIA E FERRAMENTARIA MECANICA LTDA,-,-,"Rua Francisco Alves, 73 - SAO PAULO, SP",Fabricação de outras peças e acessórios para veículos automotores não especificadas anteriormente
ORBITAL FERRAMENTARIA & SERRALHERIA LTDA,-,-,"Avenida Lothar Waldemar Hoehne, 1181 - MOGI DAS CRUZES, SP",Fabricação de outras peças e acessórios para veículos automotores não especificadas anteriormente
ZUFER TECNOLOGIA E FERRAMENTARIA LTDA,-,-,"Rua Mato Grosso, 32 - SANTANA DE PARNAIBA, SP",Fabricação de outras peças e acessórios para veículos automotores não especificadas anteriormente
HIDEFRAN - FERRAMENTARIA LTDA,-,-,"Rodovia Br-101 - JOINVILLE, SC",Fabricação de outras peças e acessórios para veículos automotores não especificadas anteriormente
USIFERMAQ USINAGEM E FERRAMENTARIA LTDA,-,-,"Rua Antonio de Oliveira Bueno, 153 - ARARAQUARA, SP",Fabricação de outras peças e acessórios para veículos automotores não especificadas anteriormente
ANCONA FERRAMENTARIA DE PRECISAO LTDA,-,-,"Rua Ptolomeu, 270 - SAO PAULO, SP",Fabricação de outras peças e acessórios para veículos automotores não especificadas anteriormente
DURIN MOLDES FERRAMENTARIA LTDA,-,-,"Rodovia a 280 A, 6.500 - ARAQUARI, SC",Fabricação de outras peças e acessórios para veículos automotores não especificadas anteriormente
DMA SERVICOS DE FERRAMENTARIA,-,-,"Estrada dos Casa, 40 - SAO BERNARDO DO CAMPO, SP",Fabricação de outras peças e acessórios para veículos automotores não especificadas anteriormente
FERRAMENTARIA ATUAL,-,-,"Estrada Municipal Andre Sanches Cuenca, 251 - BRAGANCA PAULISTA, SP",Fabricação de outras peças e acessórios para veículos automotores não especificadas anteriormente
FERMAM FERRAMENTARIA LTDA,-,-,"Rodovia Deputado Antonio Heil, 7170 - BRUSQUE, SC",Fabricação de outras peças e acessórios para veículos automotores não especificadas anteriormente
"PROTOMAX FERRAMENTARIA, PROTOTIPOS E USINAGEM LTDA",-,-,"Avenida Tapajos, 264 - BETIM, MG",Fabricação de outras peças e acessórios para veículos automotores não especificadas anteriormente
KEFAPLAST INJECAO DE PLASTICOS E FERRAMENTARIA LTDA,-,-,"Avenida 1 I.e., 381 - RIO CLARO, SP",Fabricação de outras peças e acessórios para veículos automotores não especificadas anteriormente
MAFRA FERRAMENTARIA,-,-,"Rua Ottokar Doerffel, 1112 - JOINVILLE, SC",Fabricação de outras peças e acessórios para veículos automotores não especificadas anteriormente
RIBEIRO FERRAMENTARIA LTDA,-,-,"Avenida das Industrias, 645 - ARAQUARI, SC",Fabricação de outras peças e acessórios para veículos automotores não especificadas anteriormente
MC FERRAMENTARIA,-,-,"Rua Tiradentes, 1375 - SAO BERNARDO DO CAMPO, SP",Fabricação de outras peças e acessórios para veículos automotores não especificadas anteriormente
MATRIZFER FERRAMENTARIA DE PRECISAO LTDA,-,-,"Rua Marcelino Jasinski, 1446 - ARAUCARIA, PR",Fabricação de outras peças e acessórios para veículos automotores não especificadas anteriormente
USIMABE USINAGEM E FERRAMENTARIA LTDA,-,-,"Rua Nove Julho, 339 - SANTA BRANCA, SP",Fabricação de outras peças e acessórios para veículos automotores não especificadas anteriormente
FERRAMENTARIA ROS,-,-,"Estrada de Sao Bento, 1700 - ITAQUAQUECETUBA, SP",Fabricação de outras peças e acessórios para veículos automotores não especificadas anteriormente
M G FERRAMENTARIA,-,-,"Avenida Laranjeiras, 402 - LIMEIRA, SP",Fabricação de outras peças e acessórios para veículos automotores não especificadas anteriormente
ESTAMPA,-,-,"Rua Leopoldo Dietrich, 30 - JOINVILLE, SC",Fabricação de outras peças e acessórios para veículos automotores não especificadas anteriormente
ALFA,-,-,"Avenida Brandina Saavedra Campani, 441 - ARARAQUARA, SP",Fabricação de outras peças e acessórios para veículos automotores não especificadas anteriormente
TORRE FORTE,-,-,"Rua Alvares Cabral, 263 - DIADEMA, SP",Fabricação de outras peças e acessórios para veículos automotores não especificadas anteriormente
LE MASTER FERRAMENTARIA E METALICA LTDA,-,-,"Rua Miguel Cascaldi Junior, 64 - CAMPINAS, SP",Fabricação de outras peças e acessórios para veículos automotores não especificadas anteriormente
AMD FERRAMENTARIA E CDR,-,-,"Rua Zelia, 245 - SAO BERNARDO DO CAMPO, SP",Fabricação de outras peças e acessórios para veículos automotores não especificadas anteriormente
USIFERC USINAGEM E FERRAMENTARIA CORREA LTDA,-,-,"Avenida Brasil, 165 - RIO CLARO, SP",Fabricação de outras peças e acessórios para veículos automotores não especificadas anteriormente
M T S - MOLDES PLASTICOS,-,-,"Estrada da Capela Velha, 53 - ITAPEVI, SP",Fabricação de outras peças e acessórios para veículos automotores não especificadas anteriormente
TECNOMOTRIZ FERRAMENTARIA,-,-,"Avenida Prefeito Alberto Natalino Miquelute, 6777 - ARAQUARI, SC",Fabricação de outras peças e acessórios para veículos automotores não especificadas anteriormente
TRAMONTINI MOLDES E MATRIZES,-,-,"Rodovia Br-158, 995 - PATO BRANCO, PR",Fabricação de outras peças e acessórios para veículos automotores não especificadas anteriormente
WFP FERRAMENTARIA,-,-,"Rua Carijos, 168 - SANTO ANDRE, SP",Fabricação de outras peças e acessórios para veículos automotores não especificadas anteriormente
KAVICOM INDUSTRIA E COMERCIO DE PLASTICOS E FERRAMENTARIA LTDA,-,-,"Rua do Polyester, 88 - AMERICANA, SP",Fabricação de outras peças e acessórios para veículos automotores não especificadas anteriormente
AMPLIATHOS SERVICE,-,-,"Rua Aulivieri Bozzato, 760 - MAUA, SP",Fabricação de outras peças e acessórios para veículos automotores não especificadas anteriormente
BUDPLAS - FERRAMENTARIA E PLASTICOS LTDA,-,-,"Rua Antonio Lopes da Silva, 401 - CARAPICUIBA, SP",Fabricação de outras peças e acessórios para veículos automotores não especificadas anteriormente
MADELL - FERRAMENTARIA DE PRECISAO,-,-,"Rua Joao Gabriel Mendes, 1578 - SOROCABA, SP",Fabricação de outras peças e acessórios para veículos automotores não especificadas anteriormente
TOGAWA FERRAMENTARIA E USINAGEM LTDA,-,-,"Rua Helio Tozzi, 151 - CAMPINAS, SP",Fabricação de outras peças e acessórios para veículos automotores não especificadas anteriormente
METAL FULL USINAGEM - FERRAMENTARIA,-,-,"Rua Octacilio Rodrigues, 191 - PIRAQUARA, PR",Fabricação de outras peças e acessórios para veículos automotores não especificadas anteriormente
JG FERRAMENTARIA E USINAGEM,-,-,"Rua Macassit, 505 - INDAIATUBA, SP",Fabricação de outras peças e acessórios para veículos automotores não especificadas anteriormente
FERMOPLAS,-,-,"Avenida Takara Belmont, 35 - ARUJA, SP",Fabricação de outras peças e acessórios para veículos automotores não especificadas anteriormente
TECHFER FERRAMENTARIA,-,-,"Rua Manoel Margatho, 447 - CRAVINHOS, SP",Fabricação de outras peças e acessórios para veículos automotores não especificadas anteriormente
PARSTECH FERRAMENTARIA DE PRECISAO LTDA EPP,-,-,"Avenida Radames Lo Sardo, 241 - BRAGANCA PAULISTA, SP",Fabricação de outras peças e acessórios para veículos automotores não especificadas anteriormente
COPESTONE FERRAMENTARIA LTDA,-,-,"Rua Tereza de Souza, 105 - LONDRINA, PR",Fabricação de outras peças e acessórios para veículos automotores não especificadas anteriormente
RCS FERRAMENTARIA LTDA,-,-,"Rua Castro Alves, 2491 - DIVINOPOLIS, MG",Fabricação de outras peças e acessórios para veículos automotores não especificadas anteriormente
BAURUMOLD,-,-,"Rua Antonio Machado, 1-20 - BAURU, SP",Fabricação de outras peças e acessórios para veículos automotores não especificadas anteriormente
P W A FERRAMENTARIA INDUSTRIAL LTDA,-,-,"Rodovia Geraldo Scavone, 1551 - JACAREI, SP",Fabricação de outras peças e acessórios para veículos automotores não especificadas anteriormente
E.W.J. USINAGEM E FERRAMENTARIA LTDA,-,-,"Rua da Biquinha, 33 - VINHEDO, SP",Fabricação de outras peças e acessórios para veículos automotores não especificadas anteriormente
MONTEFER INDUSTRIA E COMERCIO DE FERRAMENTARIA LTDA,-,-,"Avenida Dr. Jose de Paula Eduardo, 180 - MONTE ALTO, SP",Fabricação de outras peças e acessórios para veículos automotores não especificadas anteriormente
CAMARGO USINAGEM E FERRAMENTARIA LTDA,-,-,"Avenida Thereza Ana Cecon Breda, 180 - HORTOLANDIA, SP",Fabricação de outras peças e acessórios para veículos automotores não especificadas anteriormente
ELETROPLAST FERRAMENTARIA E ARTEFATOS PLASTICOS LTDA,-,-,"Rua Professor Ulysses Lemos Torres, 175 - SAO PAULO, SP",Fabricação de outras peças e acessórios para veículos automotores não especificadas anteriormente
MB MOLDES,-,-,"Rodovia Sp, 95 - PEDREIRA, SP",Fabricação de outras peças e acessórios para veículos automotores não especificadas anteriormente
"ARTFER FERRAMENTARIA, ESTAMPARIA E USINAGEM LTDA",-,-,"Travessa Ernesto Portante, 133 - SAO PAULO, SP",Fabricação de outras peças e acessórios para veículos automotores não especificadas anteriormente
MFC FERRAMENTARIA E USINAGEM LTDA,-,-,"Avenida do Brasil, 362 - BETIM, MG",Fabricação de outras peças e acessórios para veículos automotores não especificadas anteriormente
MAC CORTE,-,-,"Rua Itapeva, 207 - SOROCABA, SP",Fabricação de outras peças e acessórios para veículos automotores não especificadas anteriormente
JODECLAN - FERRAMENTARIA COMERCIO E INDUSTRIA LTDA,-,-,"Rua Oneda, 40 - SAO BERNARDO DO CAMPO, SP",Fabricação de outras peças e acessórios para veículos automotores não especificadas anteriormente
ROCHEL,-,-,"Rua Itapeva, 154 - SOROCABA, SP",Fabricação de outras peças e acessórios para veículos automotores não especificadas anteriormente
FUSIMAQ AUTOMACAO,-,-,"Avenida 14, 2.543 - RIO CLARO, SP",Fabricação de outras peças e acessórios para veículos automotores não especificadas anteriormente
JHC,-,-,"Rua Alvares Cabral, 49 - DIADEMA, SP",Fabricação de outras peças e acessórios para veículos automotores não especificadas anteriormente
ORIGEM FERRAMENTARIA LTDA,-,-,"Vila Sebastiao Carvalho, 213 - PETROPOLIS, RJ",Fabricação de outras peças e acessórios para veículos automotores não especificadas anteriormente
"OLIMONE INDUSTRIA DE FERRAMENTARIA, CALDEIRARIA E MANUTENCAO LTDA",-,-,"Rua Pedro Doll, 555 - SAO PAULO, SP",Fabricação de outras peças e acessórios para veículos automotores não especificadas anteriormente
CONVENTO'S FERRAMENTARIA LTDA,-,-,"Rua Dorothovio do Nascimento, 310 - JOINVILLE, SC",Fabricação de outras peças e acessórios para veículos automotores não especificadas anteriormente
CORTE A AGUA JOINVILLE,-,-,"Rodovia Br-101 - JOINVILLE, SC",Fabricação de outras peças e acessórios para veículos automotores não especificadas anteriormente
KONARDI FERRAMENTARIA LTDA,-,-,"Rua Tapajos, 94 - JOINVILLE, SC",Fabricação de outras peças e acessórios para veículos automotores não especificadas anteriormente
FERRAMENTARIA PRINCIPAL LTDA,-,-,"Rua Carlos Pscheidt, 401 - SAO BENTO DO SUL, SC",Fabricação de outras peças e acessórios para veículos automotores não especificadas anteriormente
DELUMA FERRAMENTARIA INDUSTRIA E COMERCIO LTDA,-,-,"Rua Ida Romussi Gasparinetti, 340 - TABOAO DA SERRA, SP",Fabricação de outras peças e acessórios para veículos automotores não especificadas anteriormente
FERRAMENTARIA EROTECH LTDA,-,-,"Avenida Nossa Senhora de Fatima, 3120 - AMERICANA, SP",Fabricação de outras peças e acessórios para veículos automotores não especificadas anteriormente
WIRECUT FERRAMENTARIA,-,-,"Rua Expedicionario Jose Franco de Macedo, 378 - BRAGANCA PAULISTA, SP",Fabricação de outras peças e acessórios para veículos automotores não especificadas anteriormente
QUALIMOLDE FERRAMENTARIA E INJECAO DE PLASTICOS LTDA,-,-,"Rua Alfredo Bernardo Leite, 300 - SAO BERNARDO DO CAMPO, SP",Fabricação de outras peças e acessórios para veículos automotores não especificadas anteriormente
SOSCAR,-,-,"Rua Miguel Philomeno, 286 a - ITUPEVA, SP",Fabricação de outras peças e acessórios para veículos automotores não especificadas anteriormente
BURIL GRAVACOES E FERRAMENTARIA LTDA,-,-,"Rua Barbara Heliodora, 285 - SAO PAULO, SP",Fabricação de outras peças e acessórios para veículos automotores não especificadas anteriormente
R.G.A FERRAMENTARIA SOCIEDADE UNIPESSOAL LTDA,-,-,"Avenida Vicente Laureano, 300 - BOITUVA, SP",Fabricação de outras peças e acessórios para veículos automotores não especificadas anteriormente
SUED PLASTIC FERRAMENTARIA E INJECAO PLASTICA,-,-,"Rua Arthur Alves Bandeira, 66 - VARGEM GRANDE PAULISTA, SP",Fabricação de outras peças e acessórios para veículos automotores não especificadas anteriormente
USINAGEM E FERRAMENTARIA CAXAMBU,-,-,"Rua Severino Tescarollo, 770 - ITATIBA, SP",Fabricação de outras peças e acessórios para veículos automotores não especificadas anteriormente
PLAST FERRAMENTARIA LTDA,-,-,"Rua Sarapui, 55 - SOROCABA, SP",Fabricação de outras peças e acessórios para veículos automotores não especificadas anteriormente
INDUSTRIA COMERCIO E FERRAMENTARIA LASIFE,-,-,"Rua Cuiaba, 543 - SAO PAULO, SP",Fabricação de outras peças e acessórios para veículos automotores não especificadas anteriormente
STR FERRAMENTARIA LTDA,-,-,"Rua Jose Martins, 661 - JARAGUA DO SUL, SC",Fabricação de outras peças e acessórios para veículos automotores não especificadas anteriormente
ARCA FERRAMENTARIA E INJECAO LTDA,-,-,"Avenida Edgard Archimedes Beolchi Filho, 1751-a - CEDRAL, SP",Fabricação de outras peças e acessórios para veículos automotores não especificadas anteriormente
DHELTA USINAGEM E FERRAMENTARIA INDUSTRIA E COMERCIO LTDA,-,-,"Avenida Professor Mario Teixeira Mariano, 204 - ARARAQUARA, SP",Fabricação de outras peças e acessórios para veículos automotores não especificadas anteriormente
DIZ FERRAMENTARIA E ESTAMPARIA LTDA,-,-,"Avenida Brasil, 16699 - RIO DE JANEIRO, RJ",Fabricação de outras peças e acessórios para veículos automotores não especificadas anteriormente
BALDI FERRAMENTARIA DE PRECISAO LTDA,-,-,"Rua das Industrias, 505 - BRAGANCA PAULISTA, SP",Fabricação de outras peças e acessórios para veículos automotores não especificadas anteriormente
MOLDMETAL FERRAMENTARIA LTDA,-,-,"Rua Natal, 849 - SAO PAULO, SP",Fabricação de outras peças e acessórios para veículos automotores não especificadas anteriormente
SILFER FERRAMENTARIA E USINAGEM LTDA,-,-,"Rua Estrela, 89 - OSASCO, SP",Fabricação de outras peças e acessórios para veículos automotores não especificadas anteriormente
STEELMOLD FERRAMENTARIA DE PRECISAO LTDA,-,-,"Avenida dos Imigrantes, 5785 - BRAGANCA PAULISTA, SP",Fabricação de outras peças e acessórios para veículos automotores não especificadas anteriormente
"ALMAR SERVICOS EM FERRAMENTARIA, MODELACAO E FUNILARIA LTDA",-,-,"Avenida Armando Italo Setti, 520 - SAO BERNARDO DO CAMPO, SP",Fabricação de outras peças e acessórios para veículos automotores não especificadas anteriormente
FEMBRAS FERRAMENTARIA,-,-,"Rodovia Presidente Dutra - ITATIAIA, RJ",Fabricação de outras peças e acessórios para veículos automotores não especificadas anteriormente
METALNOBRE LTDA,-,-,"Rua Rio Mutuzinho, 413 - MANAUS, AM",Fabricação de outras peças e acessórios para veículos automotores não especificadas anteriormente
FERRUSMOL SJCAMPOS FERRAMENTARIA E USINAGEM LTDA,-,-,"Rua Colombo, 120 - SAO JOSE DOS CAMPOS, SP",Fabricação de outras peças e acessórios para veículos automotores não especificadas anteriormente
FERRAMENTARIA E ESTAMPARIA JL LTDA,-,-,"Rua General Oscar Carvalho, 77 - SAO PAULO, SP",Fabricação de outras peças e acessórios para veículos automotores não especificadas anteriormente
MASTERTECH USINAGEM E FERRAMENTARIA LTDA,-,-,"Rua Chaves, 475 - BARUERI, SP",Fabricação de outras peças e acessórios para veículos automotores não especificadas anteriormente
PREMIUM,-,-,"Rua Joao Nepomuceno, 81 - DIADEMA, SP",Fabricação de outras peças e acessórios para veículos automotores não especificadas anteriormente
C B A ASSUNCAO FERRAMENTARIA E DISPOSITIVOS DE USINAGEM LTDA,-,-,"Rua Zelia, 351 - SAO BERNARDO DO CAMPO, SP",Fabricação de outras peças e acessórios para veículos automotores não especificadas anteriormente
ASPEM - USINAGEM,-,-,"Rua Luiz Brisqui, 1075 - VINHEDO, SP",Fabricação de outras peças e acessórios para veículos automotores não especificadas anteriormente
FERRAMENTARIA E ESTAMPARIA RICABENS LTDA,-,-,"Rua Serra de Jaire, 1354 - SAO PAULO, SP",Fabricação de outras peças e acessórios para veículos automotores não especificadas anteriormente
SUL FERRAMENTARIA LTDA,-,-,"Rua Elario Gastao Baumer, 195 - JOINVILLE, SC",Fabricação de outras peças e acessórios para veículos automotores não especificadas anteriormente
S S V USINAGEM,-,-,"Alameda Araguaia, 174 - SAO CAETANO DO SUL, SP",Fabricação de outras peças e acessórios para veículos automotores não especificadas anteriormente
GRAMAQ BRASIL,-,-,"Rua dos Franceses, 1.800 - JOINVILLE, SC",Fabricação de outras peças e acessórios para veículos automotores não especificadas anteriormente
JGS FERRAMENTARIA,-,-,"Rua Industrial Jose Beduschi, 5136 - GASPAR, SC",Fabricação de outras peças e acessórios para veículos automotores não especificadas anteriormente
PROEFER FERRAMENTARIA E USINAGEM LTDA,-,-,"Rua Maria Aparecida, 467 - VARZEA PAULISTA, SP",Fabricação de outras peças e acessórios para veículos automotores não especificadas anteriormente
FERBOMAT-MATRIZES USINAGEM E FERRAMENTARIA,-,-,"Rua 26, 1378 - RIO CLARO, SP",Fabricação de outras peças e acessórios para veículos automotores não especificadas anteriormente
PASQUALETTI  FERRAMENTARIA LTDA,-,-,"Avenida Carlos Roberto Prataviera - HORTOLANDIA, SP",Fabricação de outras peças e acessórios para veículos automotores não especificadas anteriormente
FERRAMENTARIA TJ,-,-,"Rua Antonio Candido Zei, 101 - BATATAIS, SP",Fabricação de outras peças e acessórios para veículos automotores não especificadas anteriormente
FAUTEC FERRAMENTARIA AUTOMACAO E USINAGEM LTDA,-,-,"Rua Jorge Pereira de Carvalho, 33 - SAO JOSE DOS CAMPOS, SP",Fabricação de outras peças e acessórios para veículos automotores não especificadas anteriormente
LOSUNG USINAGEM E FERRAMENTARIA,-,-,"Avenida Fagundes de Oliveira, 1018 - DIADEMA, SP",Fabricação de outras peças e acessórios para veículos automotores não especificadas anteriormente
JS FERRAMENTARIA,-,-,"Rua Ataulfo Alves, 46 - PIRACICABA, SP",Fabricação de outras peças e acessórios para veículos automotores não especificadas anteriormente
STANFER-ROCCO,-,-,"Rua Mirassol D'oeste, 138 - SAO PAULO, SP",Fabricação de outras peças e acessórios para veículos automotores não especificadas anteriormente
ELRET INDUSTRIA DE PECAS E FERRAMENTARIA LTDA,-,-,"Rua Doutor Edgard Magalhaes Noronha, 628 - SAO PAULO, SP",Fabricação de outras peças e acessórios para veículos automotores não especificadas anteriormente
BRUDER FERRAMENTARIA INDUSTRIA E COMERCIO LTDA,-,-,"Rua Ricardo Nascimento, 13 - SAO PAULO, SP",Fabricação de outras peças e acessórios para veículos automotores não especificadas anteriormente
FERRAMENTARIA TUMIM LTDA,-,-,"Rua Diadema, 490 - SOROCABA, SP",Fabricação de outras peças e acessórios para veículos automotores não especificadas anteriormente
FERRAMENTARIA REMAR LTDA,-,-,"Rua Allan Kardec, 830 - SAO CARLOS, SP",Fabricação de outras peças e acessórios para veículos automotores não especificadas anteriormente
MOLD COMPANY FERRAMENTARIA,-,-,"Rua Santa Catarina, 4749 - JOINVILLE, SC",Fabricação de outras peças e acessórios para veículos automotores não especificadas anteriormente
CVL FERRAMENTARIA E USINAGEM LTDA,-,-,"Rua Jose Versolato, 111 - SAO BERNARDO DO CAMPO, SP",Fabricação de outras peças e acessórios para veículos automotores não especificadas anteriormente
MAGAP USINAGEM E FERRAMENTARIA LTDA,-,-,"Rua Guaianesia, 275 - SAO JOSE DOS CAMPOS, SP",Fabricação de outras peças e acessórios para veículos automotores não especificadas anteriormente
ULTRAFER,-,-,"Estrada Municipal Mario Covas, 641 - VALINHOS, SP",Fabricação de outras peças e acessórios para veículos automotores não especificadas anteriormente
WIN INDUSTRIA E COMERCIO DE ARTEFATOS DE BORRACHARIA PLASTICOS E FERRAMENTARIA LTDA,-,-,"Avenida Celso Daniel Galvani, 383 - BARRETOS, SP",Fabricação de outras peças e acessórios para veículos automotores não especificadas anteriormente
PLASTIMOLDES,-,-,"Rua Icarai, 50 - SAO CARLOS, SP",Fabricação de outras peças e acessórios para veículos automotores não especificadas anteriormente
GM FERRAMENTARIA E PLASTICOS LTDA,-,-,"Avenida Doutor Altino Gouveia, 677 - VALINHOS, SP",Fabricação de outras peças e acessórios para veículos automotores não especificadas anteriormente
FAREDE INJETADOS PLASTICOS E FERRAMENTARIA LTDA,-,-,"Rua Ulisses Cruz, 921 - SAO PAULO, SP",Fabricação de outras peças e acessórios para veículos automotores não especificadas anteriormente
EDM FERRAMENTARIA,-,-,"Rua Senador Vergueiro, 545 - SAO CAETANO DO SUL, SP",Fabricação de outras peças e acessórios para veículos automotores não especificadas anteriormente
HEMAVAL FERRAMENTARIA E USINAGEM,-,-,"Rua Arnaldo Batista de Almeida, 42 - INDAIATUBA, SP",Fabricação de outras peças e acessórios para veículos automotores não especificadas anteriormente
INCAUTO SERVICOS,-,-,"Avenida Professor Odair da Silva Pinto, 1705 - ATIBAIA, SP",Fabricação de outras peças e acessórios para veículos automotores não especificadas anteriormente
DISFER FERRAMENTARIA LTDA,-,-,"Avenida Valter Boveri, 221 - OSASCO, SP",Fabricação de outras peças e acessórios para veículos automotores não especificadas anteriormente
AGO FERRAMENTARIA E USINAGEM LTDA,-,-,"Avenida General David Sarnoff, 5082 - CONTAGEM, MG",Fabricação de outras peças e acessórios para veículos automotores não especificadas anteriormente
METALWAC UF - USINAGEM E FERRAMENTARIA LTDA,-,-,"Rua Pernambuco, 23 - DIADEMA, SP",Fabricação de outras peças e acessórios para veículos automotores não especificadas anteriormente
FERRAMENTARIA NACIONAL,-,-,"Rua Egidio Gasparini, 101 - IPERO, SP",Fabricação de outras peças e acessórios para veículos automotores não especificadas anteriormente
FERRAMENTARIA SARDINHA,-,-,"Rua Rita Silveria de Jesus Faria, 1101 - SAO JOSE DO RIO PRETO, SP",Fabricação de outras peças e acessórios para veículos automotores não especificadas anteriormente
FERRAMENTARIA DOIS UNIDOS,-,-,"Avenida Buriti, 42 - MANAUS, AM",Fabricação de outras peças e acessórios para veículos automotores não especificadas anteriormente
PRESCIMOLD,-,-,"Rua Joao Silva, 250 - RIO DE JANEIRO, RJ",Fabricação de outras peças e acessórios para veículos automotores não especificadas anteriormente
ASTER ESTAMPAS E FERRAMENTARIA LTDA,-,-,"Rua Gracyra Resse de Gouveia, 700 - BETIM, MG",Fabricação de outras peças e acessórios para veículos automotores não especificadas anteriormente
RR FERRAMENTARIA,-,-,"Avenida Governador Adhemar de Barros, 116 - MOGI DAS CRUZES, SP",Fabricação de outras peças e acessórios para veículos automotores não especificadas anteriormente
NOVAPAR FERRAMENTARIA INDUSTRIA E COMERCIO LTDA,-,-,"Rua Jose Censoni, 350 - SAO CARLOS, SP",Fabricação de outras peças e acessórios para veículos automotores não especificadas anteriormente
ENZOTEC FERRAMENTARIA INDUSTRIA E COMERCIO LTDA,-,-,"Praça Nossa Senhora da Anunciacao, 108 - SAO PAULO, SP",Fabricação de outras peças e acessórios para veículos automotores não especificadas anteriormente
SILVER FERRAMENTARIA E USINAGEM,-,-,"Rua Frederico Rene de Jaegher, 1091 - SAO PAULO, SP",Fabricação de outras peças e acessórios para veículos automotores não especificadas anteriormente
FENIX - FERRAMENTARIA E MODELACAO LTDA,-,-,"Rua Jacinto Ferreira, 287 - ITAUNA, MG",Fabricação de outras peças e acessórios para veículos automotores não especificadas anteriormente
M & F FERRAMENTARIA E ESTAMPARIA LTDA,-,-,"Rua Professor Joao de Aguiar Pupo, 85 - SAO PAULO, SP",Fabricação de outras peças e acessórios para veículos automotores não especificadas anteriormente
MULTIMOLDES,-,-,"Alameda das Margaridas, 210 - IGARASSU, PE",Fabricação de outras peças e acessórios para veículos automotores não especificadas anteriormente
FERRAMENTARIA BLUMOLDES LTDA,-,-,"Rua Heinrich Hemmer, 96 - BLUMENAU, SC",Fabricação de outras peças e acessórios para veículos automotores não especificadas anteriormente
JPR FERRAMENTARIA E DISPOSITIVOS LTDA,-,-,"Rua Noruega, 99 - JOINVILLE, SC",Fabricação de outras peças e acessórios para veículos automotores não especificadas anteriormente
MJR USINAGEM E FERRAMENTARIA LTDA,-,-,"Rua Noruega, 99 - JOINVILLE, SC",Fabricação de outras peças e acessórios para veículos automotores não especificadas anteriormente
UNIK SOLUCOES INDUSTRIAIS,-,-,"Rua Noruega, 99 - JOINVILLE, SC",Fabricação de outras peças e acessórios para veículos automotores não especificadas anteriormente
MICROFER FERRAMENTARIA,-,-,"Rua Georg Ptak, 120 - SAO CARLOS, SP",Fabricação de outras peças e acessórios para veículos automotores não especificadas anteriormente
USINAGEM E FERRAMENTARIA MONTE GERIZIM,-,-,"Rua Jose Agostinho, 594 - HORTOLANDIA, SP",Fabricação de outras peças e acessórios para veículos automotores não especificadas anteriormente
FORTALE USINAGEM E FERRAMENTARIA LTDA,-,-,"Rua do Marceneiro, 99 - AMERICANA, SP",Fabricação de outras peças e acessórios para veículos automotores não especificadas anteriormente
GEFERPLAS FERRAMENTARIA INDUSTRIA E COMERCIO LTDA,-,-,"Rua Ademar de Barros, 885 - INDAIATUBA, SP",Fabricação de outras peças e acessórios para veículos automotores não especificadas anteriormente
GERVIG FERRAMENTARIA E ESTAMPARIA LTDA,-,-,"Rua Atibaia, 888 - SANTO ANDRE, SP",Fabricação de outras peças e acessórios para veículos automotores não especificadas anteriormente
ANGULO FERRAMENTARIA INDUSTRIA E COMERCIO LTDA,-,-,"Rua Platina, 587 - INDAIATUBA, SP",Fabricação de outras peças e acessórios para veículos automotores não especificadas anteriormente
LONEFERR FERRAMENTARIA E ESTAMPARIA IND E COM LTDA,-,-,"Rua Arcangelo Campanella, 145 - SAO BERNARDO DO CAMPO, SP",Fabricação de outras peças e acessórios para veículos automotores não especificadas anteriormente
LIGGA,-,-,"Rua Genesio Maria, 335 - SOROCABA, SP",Fabricação de outras peças e acessórios para veículos automotores não especificadas anteriormente
SIMONETTO FERRAMENTARIA LTDA,-,-,"Rodovia Celso Garcia Cid, 447 - LONDRINA, PR",Fabricação de outras peças e acessórios para veículos automotores não especificadas anteriormente
BTOMEC FERRAMENTARIA E USINAGEM DE PRECISAO LTDA.,-,-,"Rua Sorocaba, 91 - JOINVILLE, SC",Fabricação de outras peças e acessórios para veículos automotores não especificadas anteriormente
TT TERMINAIS TECNICOS ESTAMPARIA E FERRAMENTARIA LTDA,-,-,"Rua Antonieta de Morais, 486 - SAO PAULO, SP",Fabricação de outras peças e acessórios para veículos automotores não especificadas anteriormente
TEC SOLUTIONS DESIGN FERRAMENTARIA E MODELACAO LTDA,-,-,"Avenida Jose Fernando Medina Braga, 551 - MAUA, SP",Fabricação de outras peças e acessórios para veículos automotores não especificadas anteriormente
USIA FERRAMENTARIA E USINAGEM,-,-,"Rua Alvares Cabral, 1151 - DIADEMA, SP",Fabricação de outras peças e acessórios para veículos automotores não especificadas anteriormente
RICFER FERRAMENTARIA,-,-,"Rua Alzira Maruyama, 29 - SAO PAULO, SP",Fabricação de outras peças e acessórios para veículos automotores não especificadas anteriormente
STAMPWAY,-,-,"Rua Francisco de Munno, 435 - LIMEIRA, SP",Fabricação de outras peças e acessórios para veículos automotores não especificadas anteriormente
FHS,-,-,"Rua Alvares Cabral, 79 - DIADEMA, SP",Fabricação de outras peças e acessórios para veículos automotores não especificadas anteriormente
ITALIA AUTOMACAO,-,-,"Rua Rio Amazonas, 668 - SAO CARLOS, SP",Fabricação de outras peças e acessórios para veículos automotores não especificadas anteriormente
FVR FERRAMENTARIA E ESTAMPARIA,-,-,"Estrada Velha Guarulhos-sao Miguel, 2612 - GUARULHOS, SP",Fabricação de outras peças e acessórios para veículos automotores não especificadas anteriormente
RADAR-USINAGEM E FERRAMENTARIA LTDA,-,-,"Rua Italo Pesce, 901 - JUNDIAI, SP",Fabricação de outras peças e acessórios para veículos automotores não especificadas anteriormente
WALDECK MODELACAO E FERRAMENTARIA LTDA,-,-,"Rua Arthur Zoefeld, 49 - JOINVILLE, SC",Fabricação de outras peças e acessórios para veículos automotores não especificadas anteriormente
NHS INDUSTRIA E COMERCIO DE FERRAMENTARIA LTDA,-,-,"Rua Conde Moreira Lima, 505 - SAO PAULO, SP",Fabricação de outras peças e acessórios para veículos automotores não especificadas anteriormente
GALLANT PLASTICOS,-,-,"Rua Blindex, 202 - DIADEMA, SP",Fabricação de outras peças e acessórios para veículos automotores não especificadas anteriormente
INJETPAC,-,-,"Rua Santo Amaro, 109 - DIADEMA, SP",Fabricação de outras peças e acessórios para veículos automotores não especificadas anteriormente
STEELMOLD,-,-,"Avenida Dom Pedro I, 1520 - DIADEMA, SP",Fabricação de outras peças e acessórios para veículos automotores não especificadas anteriormente
TEBY PLASTICOS E FERRAMENTARIA,-,-,"Avenida Clarice Marroquim, 309 - ABREU E LIMA, PE",Fabricação de outras peças e acessórios para veículos automotores não especificadas anteriormente
FUSIMAQ AUTOMACAO INDUSTRIAL,-,-,"Avenida 12, 2374 - RIO CLARO, SP",Fabricação de outras peças e acessórios para veículos automotores não especificadas anteriormente
PARKFER FERRAMENTARIA LTDA,-,-,"Rua Dorothovio do Nascimento, 2260 - JOINVILLE, SC",Fabricação de outras peças e acessórios para veículos automotores não especificadas anteriormente
FERRAMENTARIA SOUZA LTDA,-,-,"Rua Presidente Heuse, 416 - JOINVILLE, SC",Fabricação de outras peças e acessórios para veículos automotores não especificadas anteriormente
METAL CAMP,-,-,"Avenida Sebastiao Cury, 1289 - CAMPINAS, SP",Fabricação de outras peças e acessórios para veículos automotores não especificadas anteriormente
VALMAR FERRAMENTARIA - LTDA,-,-,"Avenida Morumbi, 691 - SAO CARLOS, SP",Fabricação de outras peças e acessórios para veículos automotores não especificadas anteriormente
FERPOL FERRAMENTARIA,-,-,"Rua Antonio Melchiades dos Santos, 74 - SAO PAULO, SP",Fabricação de outras peças e acessórios para veículos automotores não especificadas anteriormente
SN FERRAMENTARIA LTDA,-,-,"Rua Mauro Montagni, 100 - BRAGANCA PAULISTA, SP",Fabricação de outras peças e acessórios para veículos automotores não especificadas anteriormente
MARQ FERRAMENTARIA,-,-,"Rua Antonio Geraldo Capovilla, 252 - VALINHOS, SP",Fabricação de outras peças e acessórios para veículos automotores não especificadas anteriormente
METALEX FERRAMENTARIA INDUSTRIA E COMERCIO LTDA,-,-,"Rua Americo de Campos, 170 - OSASCO, SP",Fabricação de outras peças e acessórios para veículos automotores não especificadas anteriormente
SCMN USINAGEM E FERRAMENTARIA LTDA,-,-,"Avenida Professor Mario Teixeira Mariano, 205 - ARARAQUARA, SP",Fabricação de outras peças e acessórios para veículos automotores não especificadas anteriormente
MAGO FERRAMENTARIA LTDA,-,-,"Rua Neuza, 179 - DIADEMA, SP",Fabricação de outras peças e acessórios para veículos automotores não especificadas anteriormente
RB MOLD,-,-,"Avenida Emilio Chechinatto, 3895 - ITUPEVA, SP",Fabricação de outras peças e acessórios para veículos automotores não especificadas anteriormente
OREON,-,-,"Rua Oneda, 380 - SAO BERNARDO DO CAMPO, SP",Fabricação de outras peças e acessórios para veículos automotores não especificadas anteriormente
MOLDESTAMP FERRAMENTARIA LTDA,-,-,"Avenida Fausto Ribeiro da Silva, 1307 - BETIM, MG",Fabricação de outras peças e acessórios para veículos automotores não especificadas anteriormente
DALCAMP TOOLS FERRAMENTARIA LTDA,-,-,"Rua Pedro Nolasco Pizatto, 159 - ARAUCARIA, PR",Fabricação de outras peças e acessórios para veículos automotores não especificadas anteriormente
USINAGEM E FERRAMENTARIA GLAUDYJ LTDA,-,-,"Rodovia Vice-prefeito Hermenegildo Tonolli, 2.195 - JUNDIAI, SP",Fabricação de outras peças e acessórios para veículos automotores não especificadas anteriormente
"PLAST METAL FERRAMENTARIA, MAQUINAS E EQUIPAMENTOS LTDA",-,-,"Rua Ralpho Elizio Monteiro dos Santos, 813 - IRACEMAPOLIS, SP",Fabricação de outras peças e acessórios para veículos automotores não especificadas anteriormente
IND E COM DE FERRAMENTARIA L A L LTDA,-,-,"Rua Apetiribu, 18 - SAO PAULO, SP",Fabricação de outras peças e acessórios para veículos automotores não especificadas anteriormente
R P M FERRAMENTARIA,-,-,"Rua Jorge Simeira, 170 - ITU, SP",Fabricação de outras peças e acessórios para veículos automotores não especificadas anteriormente
DA MATTA SERVICOS DE FERRAMENTARIA LTDA,-,-,"Rua Ministro Raphael de Barros Monteiro, 55 - BARUERI, SP",Fabricação de outras peças e acessórios para veículos automotores não especificadas anteriormente
ELFERMAQ FERRAMENTARIA LTDA,-,-,"Avenida Pedro Botesi, 2700 - MOGI MIRIM, SP",Fabricação de outras peças e acessórios para veículos automotores não especificadas anteriormente
BEVIAN INDUSTRIA E COMERCIO DE FERRAMENTARIA LTDA,-,-,"Alameda Jacarandas, 38 - MAIRIPORA, SP",Fabricação de outras peças e acessórios para veículos automotores não especificadas anteriormente
PRESETEC FERRAMENTARIA,-,-,"Avenida Georg Schaeffler, 1561 - SOROCABA, SP",Fabricação de outras peças e acessórios para veículos automotores não especificadas anteriormente
FLEX-MOLD,-,-,"Rua Jacobinia, 500 - SAO PAULO, SP",Fabricação de outras peças e acessórios para veículos automotores não especificadas anteriormente
ROBMECFER COMERCIO E FERRAMENTARIA LTDA,-,-,"Rua Boaventura Rodrigues da Silva, 848 - SAO PAULO, SP",Fabricação de outras peças e acessórios para veículos automotores não especificadas anteriormente
NALTEC-FERRAMENTARIA E USINAGEM,-,-,"Rua Brasil, 1380 - JUNDIAI, SP",Fabricação de outras peças e acessórios para veículos automotores não especificadas anteriormente
METAL MASO FERRAMENTARIA E ESTAMPARIA LTDA,-,-,"Rua Talofitos, 178 - SAO PAULO, SP",Fabricação de outras peças e acessórios para veículos automotores não especificadas anteriormente
INTERMEC FERRAMENTARIA DE PRECISAO LTDA,-,-,"Rua Rota dos Imigrantes, 2301bc - HOLAMBRA, SP",Fabricação de outras peças e acessórios para veículos automotores não especificadas anteriormente
TORNOZIL USINAGEM E FERRAMENTARIA,-,-,"Rua Mario Junqueira da Silva, 1616 - CAMPINAS, SP",Fabricação de outras peças e acessórios para veículos automotores não especificadas anteriormente
M D F VINHEDO FERRAMENTARIA E USINAGEM LTDA,-,-,"Rua Graciosa Trevisan Saltori, 75 - VINHEDO, SP",Fabricação de outras peças e acessórios para veículos automotores não especificadas anteriormente
RIBMETAL FERRAMENTARIA E USINAGEM LTDA,-,-,"Rua Antonia Martins Luiz, 71 - INDAIATUBA, SP",Fabricação de outras peças e acessórios para veículos automotores não especificadas anteriormente
GHL FERRAMENTARIA DE MOLDES LTDA,-,-,"Rua Alberto Magnusson, 182 - INDAIATUBA, SP",Fabricação de outras peças e acessórios para veículos automotores não especificadas anteriormente
FERRAMENTARIA BONETI LTDA,-,-,"Rua Rio Jordao, 531 - AMPARO, SP",Fabricação de outras peças e acessórios para veículos automotores não especificadas anteriormente
CHAVES FERRAMENTARIA INDUSTRIA E COMERCIO LTDA,-,-,"Rua Conde D'eu, 112 - SAO BENTO DO SUL, SC",Fabricação de outras peças e acessórios para veículos automotores não especificadas anteriormente
ALLCAP,-,-,"Acesso Norte, 1012 - GARIBALDI, RS",Fabricação de outras peças e acessórios para veículos automotores não especificadas anteriormente
H.R. FERRAMENTARIA ESTAMPARIA E USINAGEM LTDA,-,-,"Rua Coronel Cabrita, 152 - SAO PAULO, SP",Fabricação de outras peças e acessórios para veículos automotores não especificadas anteriormente
FERRAMENTARIA DOMAR LTDA,-,-,"Rua Marechal Hermes, 557 - JOINVILLE, SC",Fabricação de outras peças e acessórios para veículos automotores não especificadas anteriormente
FERRAMENTARIA PICKLER,-,-,"Rua Vanderlei Raul Richs, 16 - JOINVILLE, SC",Fabricação de outras peças e acessórios para veículos automotores não especificadas anteriormente
B K SUL FERRAMENTARIA,-,-,"Rua Elario Gastao Baumer, 195 - JOINVILLE, SC",Fabricação de outras peças e acessórios para veículos automotores não especificadas anteriormente
ACIBEL - FERRAMENTARIA E INDUSTRIA DE ARTEFATOS DE PLASTICOS LTDA-ME,-,-,"Rua Dianopolis, 1622 - SAO PAULO, SP",Fabricação de outras peças e acessórios para veículos automotores não especificadas anteriormente
AZEPLAS FERRAMENTARIA INDUSTRIA E COMERCIO DE ULTILIDADES DOMESTICAS LTDA,-,-,"Rua Milao, 891 - JARINU, SP",Fabricação de outras peças e acessórios para veículos automotores não especificadas anteriormente
TERA,-,-,"Rua Ildeu Jose, 63 - BETIM, MG",Fabricação de outras peças e acessórios para veículos automotores não especificadas anteriormente
STAMP,-,-,"Rua Clark, 2669 - VALINHOS, SP",Fabricação de outras peças e acessórios para veículos automotores não especificadas anteriormente
SERVMOL FERRAMENTARIA E USINAGEM,-,-,"Rua da Agricultura, 180 - SANTA BARBARA D'OESTE, SP",Fabricação de outras peças e acessórios para veículos automotores não especificadas anteriormente
LUJAN FERRAMENTARIA INDUSTRIA E COMERCIO LTDA.,-,-,"Rua Ida Romussi Gasparinetti, 340 - TABOAO DA SERRA, SP",Fabricação de outras peças e acessórios para veículos automotores não especificadas anteriormente
ABA MOLDE FERRAMENTARIA DE MOLDES PLASTICOS LTDA,-,-,"Rua Serafina Milego Latorre, 420 - SOROCABA, SP",Fabricação de outras peças e acessórios para veículos automotores não especificadas anteriormente
PRODUCEL USINAGEM E FERRAMENTARIA LTDA,-,-,"Rua Silvio Brunialti, 197 - MOGI MIRIM, SP",Fabricação de outras peças e acessórios para veículos automotores não especificadas anteriormente
JMHR USINAGEM E FERRAMENTARIA LTDA,-,-,"Rua Brasilio Mengato Lana, 90 - LIMEIRA, SP",Fabricação de outras peças e acessórios para veículos automotores não especificadas anteriormente
USIFER FERRAMENTARIA LTDA,-,-,"Estrada da Ilha, 267 - JOINVILLE, SC",Fabricação de outras peças e acessórios para veículos automotores não especificadas anteriormente
MICROCASTH FERRAMENTARIA E MONTAGENS LTDA,-,-,"Rua das Tres Meninas, 99 - DIADEMA, SP",Fabricação de outras peças e acessórios para veículos automotores não especificadas anteriormente
GOODMOLD,-,-,"Rua dos Canarios, 65 - VINHEDO, SP",Fabricação de outras peças e acessórios para veículos automotores não especificadas anteriormente
VG FER FERRAMENTARIA E AUTOMACAO,-,-,"Avenida Carlos Botelho, 506 - NOVA ODESSA, SP",Fabricação de outras peças e acessórios para veículos automotores não especificadas anteriormente
DS - FERRAMENTARIA,-,-,"Rua Arthur Rodrigues de Castro, 485 - SAO CARLOS, SP",Fabricação de outras peças e acessórios para veículos automotores não especificadas anteriormente
ALVES & SILVA,-,-,"Rua Jose Adhemar Petrini, 370 - SANTA BARBARA D'OESTE, SP",Fabricação de outras peças e acessórios para veículos automotores não especificadas anteriormente
FERRAMENTARIA LAGEMANN,-,-,"Rua Paulo Leminski, 150 - CASCAVEL, PR",Fabricação de outras peças e acessórios para veículos automotores não especificadas anteriormente
JM FERRAMENTARIA,-,-,"Rua Osvaldo Cruz, 351 - JOINVILLE, SC",Fabricação de outras peças e acessórios para veículos automotores não especificadas anteriormente
A S K FERRAMENTARIA E ARTEFATOS DE PLASTICOS,-,-,"Rua Bruno Francisco Kliemann, 132 - SANTA CRUZ DO SUL, RS",Fabricação de outras peças e acessórios para veículos automotores não especificadas anteriormente
METALTEC USINAGEM E FERRAMENTARIA LTDA,-,-,"Avenida Independencia, 2450 - SOROCABA, SP",Fabricação de outras peças e acessórios para veículos automotores não especificadas anteriormente
CONECTA USINAGEM E FERRAMENTARIA,-,-,"Rua Ramira Urbano Burghi, 36 - CAMPINAS, SP",Fabricação de outras peças e acessórios para veículos automotores não especificadas anteriormente
METALURGICA BEISEL,-,-,"Rua Arraial de Sao Bartolomeu, 591 - SAO PAULO, SP",Fabricação de outras peças e acessórios para veículos automotores não especificadas anteriormente
J.J. FERRAMENTARIA LTDA,-,-,"Rua Antonio Leite Vital, 842 - VOTORANTIM, SP",Fabricação de outras peças e acessórios para veículos automotores não especificadas anteriormente
KADIMA FERRAMENTARIA,-,-,"Rua Aguanaval, 37 - SAO PAULO, SP",Fabricação de outras peças e acessórios para veículos automotores não especificadas anteriormente
FC FERRAMENTARIA E USINAGEM,-,-,"Avenida Pantilo Castaldi, 73 - JARINU, SP",Fabricação de outras peças e acessórios para veículos automotores não especificadas anteriormente
FERRAMENTARIA PAULISTA,-,-,"Rua Eurides Fernandes do Nascimento, 215 - SAO PAULO, SP",Fabricação de outras peças e acessórios para veículos automotores não especificadas anteriormente
WDVA FERRAMENTARIA,-,-,"Avenida Alziro Zarur, 1029 - SAO PAULO, SP",Fabricação de outras peças e acessórios para veículos automotores não especificadas anteriormente
ABSCISSA FERRAMENTARIA,-,-,"Rua Perova, 149 - EMBU DAS ARTES, SP",Fabricação de outras peças e acessórios para veículos automotores não especificadas anteriormente
COMERCIAL JL,-,-,"Estrada Miguel Bossi, 451 - LOUVEIRA, SP",Fabricação de outras peças e acessórios para veículos automotores não especificadas anteriormente
ENGEMOLDES FERRAMENTARIA E INJECAO LTDA,-,-,"Rua o Brasil Para Cristo, 1651 - CURITIBA, PR",Fabricação de outras peças e acessórios para veículos automotores não especificadas anteriormente
MAITA FERRAMENTARIA,-,-,"Rua Catende, 287 - SAO PAULO, SP",Fabricação de outras peças e acessórios para veículos automotores não especificadas anteriormente
USIMOLD FERRAMENTARIA,-,-,"Rua Antonio Le Voci, 512 - SAO PAULO, SP",Fabricação de outras peças e acessórios para veículos automotores não especificadas anteriormente
POLLO FERRAMENTARIA,-,-,"Rua Noruega, 99 - JOINVILLE, SC",Fabricação de outras peças e acessórios para veículos automotores não especificadas anteriormente
C & B FERRAMENTARIA LTDA,-,-,"Rua Noruega, 99 - JOINVILLE, SC",Fabricação de outras peças e acessórios para veículos automotores não especificadas anteriormente
FERRAMENTARIA PANDIM LTDA,-,-,"Rua Santa Cruz, 39-59 - MIRASSOL, SP",Fabricação de outras peças e acessórios para veículos automotores não especificadas anteriormente
LUZ & LUZ,-,-,"Rua Alessandro Di Berardo, 425 - JUNDIAI, SP",Fabricação de outras peças e acessórios para veículos automotores não especificadas anteriormente
NOTIP FERRAMENTARIA,-,-,"Rua Aristides Giusti, 191 - PIRACICABA, SP",Fabricação de outras peças e acessórios para veículos automotores não especificadas anteriormente
USIMOR,-,-,"Rodovia Conego Ciryaco Scaranello Pires, 201 - MONTE MOR, SP",Fabricação de outras peças e acessórios para veículos automotores não especificadas anteriormente
VAC USINAGEM E FERRAMENTARIA,-,-,"Avenida Governador Adhemar de Barros, 127 - MOGI DAS CRUZES, SP",Fabricação de outras peças e acessórios para veículos automotores não especificadas anteriormente
DONI - TEC FERRAMENTARIA E USINAGEM LTDA,-,-,"Rua Adolpho Latanzi, 237 - BRAGANCA PAULISTA, SP",Fabricação de outras peças e acessórios para veículos automotores não especificadas anteriormente
ISOFER,-,-,"Rua Ilda Bagne da Silva, 225 - NOVA ODESSA, SP",Fabricação de outras peças e acessórios para veículos automotores não especificadas anteriormente
FERRAMENTARIA CM LTDA,-,-,"Rua Arari, 1355 - VARZEA PAULISTA, SP",Fabricação de outras peças e acessórios para veículos automotores não especificadas anteriormente
USIEVAN DISPOSITIVOS DE CONTROLE E SERVICOS DE MEDICAO,-,-,"Rua da Terra, 192 - DIADEMA, SP",Fabricação de outras peças e acessórios para veículos automotores não especificadas anteriormente
E.G.FERRAMENTARIA,-,-,"Rua Benedito Nascimento, 70 - ITAJUBA, MG",Fabricação de outras peças e acessórios para veículos automotores não especificadas anteriormente
FERPLAS,-,-,"Rua Manuel Torres, 700 - PETROPOLIS, RJ",Fabricação de outras peças e acessórios para veículos automotores não especificadas anteriormente
FERRAMENTARIA CRISALF LTDA,-,-,"Rodovia Br-040, 74500 - PETROPOLIS, RJ",Fabricação de outras peças e acessórios para veículos automotores não especificadas anteriormente
FERRAMENTARIA NOVA ERA LTDA,-,-,"Avenida Fernando Ferrari, 1.960 - CACHOEIRINHA, RS",Fabricação de outras peças e acessórios para veículos automotores não especificadas anteriormente
PRECISION USINAGEM E FERRAMENTARIA LTDA,-,-,"Rua Guararema, 150 - CARAPICUIBA, SP",Fabricação de outras peças e acessórios para veículos automotores não especificadas anteriormente
ATRIUM FERRAMENTARIA LTDA,-,-,"Rua Anderson Miquelute, 145 - ARAQUARI, SC",Fabricação de outras peças e acessórios para veículos automotores não especificadas anteriormente
SIGA FERRAMENTARIA LTDA,-,-,"Rua Carlos Willy Boehm, 1104 - JOINVILLE, SC",Fabricação de outras peças e acessórios para veículos automotores não especificadas anteriormente
FERRAMENTARIA JOINVILLE LTDA,-,-,"Rua Jornalista Hilario Muller, 88 - JOINVILLE, SC",Fabricação de outras peças e acessórios para veículos automotores não especificadas anteriormente
LS MOLD USINAGEM E FERRAMENTARIA LTDA.,-,-,"Rua Bruno Taut, 890 - SAO PAULO, SP",Fabricação de outras peças e acessórios para veículos automotores não especificadas anteriormente
ANPADEVA,-,-,"Avenida Doutor Francisco Mesquita, 477 - SAO PAULO, SP",Fabricação de outras peças e acessórios para veículos automotores não especificadas anteriormente
FERRAPLAST FERRAMENTARIA INDUSTRIA E COMERCIO DE PRODUTOS PLASTICOS LTDA,-,-,"Rodovia Limeira-piracicaba, 2345 - LIMEIRA, SP",Fabricação de outras peças e acessórios para veículos automotores não especificadas anteriormente
ISOMAR FERRAMENTARIA,-,-,"Rua Inacio Gomes, 51 - DIVINOPOLIS, MG",Fabricação de outras peças e acessórios para veículos automotores não especificadas anteriormente
ADAM PLAST FERRAMENTARIA LTDA,-,-,"Rua Joao Batista Nogueira, 320 - GUARULHOS, SP",Fabricação de outras peças e acessórios para veículos automotores não especificadas anteriormente
GRIFFY FERRAMENTARIA DE PRECISAO LTDA,-,-,"Rua Doutor Carlos de Barros Monteiro, 136 - CARAPICUIBA, SP",Fabricação de outras peças e acessórios para veículos automotores não especificadas anteriormente
FERRAMENTARIA VERSATEC,-,-,"Avenida Nossa Senhora das Gracas, 319 - DIADEMA, SP",Fabricação de outras peças e acessórios para veículos automotores não especificadas anteriormente
BROGLIPLAST,-,-,"Rua Coronel Euclides Machado, 429 - SAO PAULO, SP",Fabricação de outras peças e acessórios para veículos automotores não especificadas anteriormente
INVICTA FERRAMENTARIA,-,-,"Rua Araraquara, 85 - CONTAGEM, MG",Fabricação de outras peças e acessórios para veículos automotores não especificadas anteriormente
G.V.P USINAGEM E FERRAMENTARIA,-,-,"Rua Bonfim, 1520 - MATOZINHOS, MG",Fabricação de outras peças e acessórios para veículos automotores não especificadas anteriormente
INDUSTRIA METALURGICA LOGITECH,-,-,"Rua Gustavo Nass, 500 - COLOMBO, PR",Fabricação de outras peças e acessórios para veículos automotores não especificadas anteriormente
FEIC FERRAMENTARIA,-,-,"Rodovia Engenheiro Ermenio de Oliveira Penteado, 1300 - SALTO, SP",Fabricação de outras peças e acessórios para veículos automotores não especificadas anteriormente
TECNOMAQ,-,-,"Rua Vinte e Oito de Julho, 131 - SAO CAETANO DO SUL, SP",Fabricação de outras peças e acessórios para veículos automotores não especificadas anteriormente
FAST ESTAMP FERRAMENTARIA LTDA,-,-,"Rua Tuiuti, 4273 - JOINVILLE, SC",Fabricação de outras peças e acessórios para veículos automotores não especificadas anteriormente
MOLD RUBBER,-,-,"Praça Jose Von Zuben, 2660 - VINHEDO, SP",Fabricação de outras peças e acessórios para veículos automotores não especificadas anteriormente
ELETROTEC,-,-,"Rua Albino de Morais, 185 - SAO PAULO, SP",Fabricação de outras peças e acessórios para veículos automotores não especificadas anteriormente
CRIVALARO,-,-,"Avenida Professor Lauro Dotto, 380 - SOROCABA, SP",Fabricação de outras peças e acessórios para veículos automotores não especificadas anteriormente
CASA MIX MATERIAIS E FERRAMENTARIA,-,-,"Travessa Guaira, 2 - MANAUS, AM",Fabricação de outras peças e acessórios para veículos automotores não especificadas anteriormente
DELLAFER USINAGEM E FERRAMENTARIA LTDA,-,-,"Rua Santa Clara, 320 - SANTO ANDRE, SP",Fabricação de outras peças e acessórios para veículos automotores não especificadas anteriormente
ESCALA USINAGEM E FERRAMENTARIA,-,-,"Rua Gama, 248 - CONTAGEM, MG",Fabricação de outras peças e acessórios para veículos automotores não especificadas anteriormente
LEMA,-,-,"Rua das Verbenas, 193 - CAMPINAS, SP",Fabricação de outras peças e acessórios para veículos automotores não especificadas anteriormente
ROMER,-,-,"Rua Jose Alves da Cunha Lima, 55 - JUNDIAI, SP",Fabricação de outras peças e acessórios para veículos automotores não especificadas anteriormente
DOLLO FERRAMENTARIA,-,-,"Rua Joao de Ross, 394 - CAXIAS DO SUL, RS",Fabricação de outras peças e acessórios para veículos automotores não especificadas anteriormente
USIBRAX FERRAMENTARIA - MANUTENCAO E COMERCIO DE MAQUINAS LTDA,-,-,"Rua do Corredor, 29 - DIADEMA, SP",Fabricação de outras peças e acessórios para veículos automotores não especificadas anteriormente
RECUPERADORA BRASIL MP,-,-,"Rua Tirreno, 11 - VARGEM GRANDE PAULISTA, SP",Fabricação de outras peças e acessórios para veículos automotores não especificadas anteriormente
SHAMAH,-,-,"Rua Doutor Cincinato Braga, 589 - SAO BERNARDO DO CAMPO, SP",Fabricação de outras peças e acessórios para veículos automotores não especificadas anteriormente
USINATEQ,-,-,"Rua Tiete, 30 - SALTO, SP",Fabricação de outras peças e acessórios para veículos automotores não especificadas anteriormente
USIENI FERRAMENTARIA LTDA,-,-,"Rua Segundo Gregorio Bellodi, 341 - VARZEA PAULISTA, SP",Fabricação de outras peças e acessórios para veículos automotores não especificadas anteriormente
TLS USINAGEM E FERRAMENTARIA LTDA,-,-,"Rua Duilio Bonani, 68 - SOROCABA, SP",Fabricação de outras peças e acessórios para veículos automotores não especificadas anteriormente
FLEX MILL,-,-,"Rua Topazio, 205 - INDAIATUBA, SP",Fabricação de outras peças e acessórios para veículos automotores não especificadas anteriormente
USINAGEM E FERRAMENTARIA GALLINUCCI LTDA,-,-,"Rua Rio Grande do Sul, 204 - SANTO ANDRE, SP",Fabricação de outras peças e acessórios para veículos automotores não especificadas anteriormente
GUATIFER,-,-,"Rua Vemag, 284 - SAO PAULO, SP",Fabricação de outras peças e acessórios para veículos automotores não especificadas anteriormente
FERRAMENTARIA & ESTAMPARIA PELLEGRINO LTDA,-,-,"Rua Terceiro-sargento-aeronautica Euber Queiroz Junior, 108 - SAO PAULO, SP",Fabricação de outras peças e acessórios para veículos automotores não especificadas anteriormente
STL USINAGEM E FERRAMENTARIA LTDA,-,-,"Rua Duilio Bonani, 68 - SOROCABA, SP",Fabricação de outras peças e acessórios para veículos automotores não especificadas anteriormente
AUTO POSTAL INDUSTRIA E COMERCIO DE PECAS E FERRAMENTARIA LTDA,-,-,"Rua Joao Antonio de Oliveira, 284 - SAO PAULO, SP",Fabricação de outras peças e acessórios para veículos automotores não especificadas anteriormente
FILLER FERRAMENTARIA,-,-,"Rodovia Capitao Bardoino, 1051 - PINHALZINHO, SP",Fabricação de outras peças e acessórios para veículos automotores não especificadas anteriormente
MEGAFER FERRAMENTARIA E USINAGEM,-,-,"Rua Maria Soldeira Lourencon, 33 - ITUPEVA, SP",Fabricação de outras peças e acessórios para veículos automotores não especificadas anteriormente
ALPES FERRAMENTARIA INDUSTRIA E COMERCIO LTDA,-,-,"Avenida Padre Anchieta, 111 - SAO BERNARDO DO CAMPO, SP",Fabricação de outras peças e acessórios para veículos automotores não especificadas anteriormente
EROMOLDE FERRAMENTARIA LTDA,-,-,"Avenida Expedicionarios Brasileiros, 550 - FERNANDOPOLIS, SP",Fabricação de outras peças e acessórios para veículos automotores não especificadas anteriormente
FERRUCE-FERRAMENTARIA E USINAGEM DE CERQUILHO LTDA,-,-,"Avenida Joao Pilon, 1467 - CERQUILHO, SP",Fabricação de outras peças e acessórios para veículos automotores não especificadas anteriormente
IMES - FERRAMENTARIA DE MOLDES E ESTAMPOS SCHMIDT LTDA,-,-,"Rua Luis Cunha, 833 - SAO PAULO, SP",Fabricação de outras peças e acessórios para veículos automotores não especificadas anteriormente
MECATEC FERRAMENTARIA LTDA,-,-,"Rua Joao Guilherme, 342 - SAO PAULO, SP",Fabricação de outras peças e acessórios para veículos automotores não especificadas anteriormente
JT FERRAMENTARIA E USINAGEM,-,-,"Rua Dona Francisca, 8300 - JOINVILLE, SC",Fabricação de outras peças e acessórios para veículos automotores não especificadas anteriormente
TOPMASTER FERRAMENTARIA,-,-,"Rua Clarinda Borba Macaneiro, 230 - ARAQUARI, SC",Fabricação de outras peças e acessórios para veículos automotores não especificadas anteriormente
BETA,-,-,"Rua Antonio Bianchetti, 501 - SAO JOSE DOS PINHAIS, PR",Fabricação de outras peças e acessórios para veículos automotores não especificadas anteriormente
FERRAMENTARIA MATRIMOLDE,-,-,"Rua Rodolfo Cremm, 6482 - MARINGA, PR",Fabricação de outras peças e acessórios para veículos automotores não especificadas anteriormente
BAJOFER FERRAMENTARIA LTDA,-,-,"Rua Luiz Pionte, 103 - ITU, SP",Fabricação de outras peças e acessórios para veículos automotores não especificadas anteriormente
SABINO FERRAMENTARIA,-,-,"Rua da Luz, 248 - CONTAGEM, MG",Fabricação de outras peças e acessórios para veículos automotores não especificadas anteriormente
FERRAMENTARIA JUATUBA LTDA,-,-,"Rua Grambel, 623 - JUATUBA, MG",Fabricação de outras peças e acessórios para veículos automotores não especificadas anteriormente
VR FERRAMENTARIA LTDA,-,-,"Rua Jose Claudio Sanches, 24 - BELO HORIZONTE, MG",Fabricação de outras peças e acessórios para veículos automotores não especificadas anteriormente
JOTAERRE,-,-,"Rua Joao Cantareira, 43 - VARZEA PAULISTA, SP",Fabricação de outras peças e acessórios para veículos automotores não especificadas anteriormente
MULTPRESS,-,-,"Rua Ralpho Eliseos Monteiro dos Santos, 643 - IRACEMAPOLIS, SP",Fabricação de outras peças e acessórios para veículos automotores não especificadas anteriormente
TNN FERRAMENTARIA E USINAGEM LTDA,-,-,"Avenida Piraporinha, 140 - SAO BERNARDO DO CAMPO, SP",Fabricação de outras peças e acessórios para veículos automotores não especificadas anteriormente
USIDANI USINAGEM E FERRAMENTARIA LTDA,-,-,"Rua Attilio Giaretta, 50 - ITATIBA, SP",Fabricação de outras peças e acessórios para veículos automotores não especificadas anteriormente
VALENTE FERRAMENTARIA LTDA,-,-,"Rua Dr Ruben Dario Almonacid, 88 - ARACARIGUAMA, SP",Fabricação de outras peças e acessórios para veículos automotores não especificadas anteriormente
VIOTTO USINAGEM E FERRAMENTARIA LTDA,-,-,"Avenida Bertioga, 1895 - VARZEA PAULISTA, SP",Fabricação de outras peças e acessórios para veículos automotores não especificadas anteriormente
FOXMOLD FERRAMENTARIA LTDA,-,-,"Avenida Piraporinha, 1111 - SAO BERNARDO DO CAMPO, SP",Fabricação de outras peças e acessórios para veículos automotores não especificadas anteriormente
SMR USINAGEM E FERRAMENTARIA,-,-,"Avenida 12, 2554 - RIO CLARO, SP",Fabricação de outras peças e acessórios para veículos automotores não especificadas anteriormente
WORLD MOLDES,-,-,"Rua Joao de Souza Coelho, 56 - CAMPINAS, SP",Fabricação de outras peças e acessórios para veículos automotores não especificadas anteriormente
PREVIATO'S FERRAMENTARIA DE PRECISAO LTDA,-,-,"Rua Edson Erasmo da Silva, 130 - MAUA, SP",Fabricação de outras peças e acessórios para veículos automotores não especificadas anteriormente
"CRDC FERRAMENTARIA, USINAGEM, ESTAMP. E INJ. DE PLAST",-,-,"Rua Vicente Bernardes de Souza, 480 - MOGI GUACU, SP",Fabricação de outras peças e acessórios para veículos automotores não especificadas anteriormente
H D AZEVEDO FERRAMENTARIA,-,-,"Avenida Bertioga, 1695 - VARZEA PAULISTA, SP",Fabricação de outras peças e acessórios para veículos automotores não especificadas anteriormente
USIMETALTEC,-,-,"Avenida Piratininga, 321 - CAPIVARI, SP",Fabricação de outras peças e acessórios para veículos automotores não especificadas anteriormente
SERFER FERRAMENTARIA USINAGEM LTDA,-,-,"Avenida Bertioga, 1675 - VARZEA PAULISTA, SP",Fabricação de outras peças e acessórios para veículos automotores não especificadas anteriormente
CBP FERRAMENTARIA INDUSTRIA LTDA,-,-,"Avenida das Melissas, 347 - HORTOLANDIA, SP",Fabricação de outras peças e acessórios para veículos automotores não especificadas anteriormente
USITRON FERRAMENTARIA DE PRECISAO LTDA,-,-,"Avenida Nossa Senhora da Penha, 764 - BRAGANCA PAULISTA, SP",Fabricação de outras peças e acessórios para veículos automotores não especificadas anteriormente
SIQUEIRA USINAGEM E FERRAMENTARIA,-,-,"Rua Reverendo Willybaldo Peralta Alves, 322 - INDAIATUBA, SP",Fabricação de outras peças e acessórios para veículos automotores não especificadas anteriormente
FERRAMENTARIA CANCELIER,-,-,"Rodovia Genesio Mazon, 2620 - URUSSANGA, SC",Fabricação de outras peças e acessórios para veículos automotores não especificadas anteriormente
CADORIN TECNOLOGIA EM USINAGEM,-,-,"Rua Augusto Kluver, 155 - JOINVILLE, SC",Fabricação de outras peças e acessórios para veículos automotores não especificadas anteriormente
UNIMATRIZ FERRAMENTARIA,-,-,"Rua Arnoldo Timm, 105 - JOINVILLE, SC",Fabricação de outras peças e acessórios para veículos automotores não especificadas anteriormente
TECHMEAS FERRAMENTARIA E USINAGEM DE PECAS,-,-,"Rua Anita Garibaldi, 533 - JOINVILLE, SC",Fabricação de outras peças e acessórios para veículos automotores não especificadas anteriormente
CE FERRAMENTARIA E ESTAMPARIA,-,-,"Rua Continental, 205 - CONTAGEM, MG",Fabricação de outras peças e acessórios para veículos automotores não especificadas anteriormente
RCA SERVICOS DE FERRAMENTARIA LTDA.,-,-,"Rua Borba Pereira, 440 - SAO PAULO, SP",Fabricação de outras peças e acessórios para veículos automotores não especificadas anteriormente
CAMPOSFER,-,-,"Avenida Tefe, 2331 - MANAUS, AM",Fabricação de outras peças e acessórios para veículos automotores não especificadas anteriormente
TRES TRIANGULOS USINAGEM E FERRAMENTARIA,-,-,"Avenida Amazonas, 3683 - BETIM, MG",Fabricação de outras peças e acessórios para veículos automotores não especificadas anteriormente
MDR FERRAMENTARIA,-,-,"Rua Pedro Santalucia, 34 - SAO PAULO, SP",Fabricação de outras peças e acessórios para veículos automotores não especificadas anteriormente
WM TECH-FERRAMENTARIA E INJECAO DE PECAS PLASTICAS,-,-,"Rua Messina, 142 - JUNDIAI, SP",Fabricação de outras peças e acessórios para veículos automotores não especificadas anteriormente
CN FERRAMENTARIA,-,-,"Rua Sao Pedro, 445 - MANAUS, AM",Fabricação de outras peças e acessórios para veículos automotores não especificadas anteriormente
3D MODELACAO E FERRAMENTARIA LTDA,-,-,"Rodovia da Uva, 5938 - COLOMBO, PR",Fabricação de outras peças e acessórios para veículos automotores não especificadas anteriormente
SICAPI COMERCIO E FERRAMENTARIA DE PRECISAO LTDA,-,-,"Rua Elisha Otis, 650 - SAO BERNARDO DO CAMPO, SP",Fabricação de outras peças e acessórios para veículos automotores não especificadas anteriormente
"FUSH FERRAMENTARIA, USINAGEM E SOLUCOES HIDRAULICAS LIM",-,-,"Rua Jose Milani, 180 - TABOAO DA SERRA, SP",Fabricação de outras peças e acessórios para veículos automotores não especificadas anteriormente
ARONTEC AUTOMACAO,-,-,"Avenida Orpheu Manenti, 74 - ARARAS, SP",Fabricação de outras peças e acessórios para veículos automotores não especificadas anteriormente
PRISMA FERRAMENTARIA DE PRECISAO LTDA,-,-,"Avenida dos Imigrantes, 5785 - BRAGANCA PAULISTA, SP",Fabricação de outras peças e acessórios para veículos automotores não especificadas anteriormente
DASPROJEKT PROJETOS,-,-,"Rua Inacio Luis da Costa, 916 - SAO PAULO, SP",Fabricação de outras peças e acessórios para veículos automotores não especificadas anteriormente
FERRAMENTARIA JORDANESIA INDUSTRIA E COMERCIO LTDA,-,-,"Avenida Arnaldo Rojek, 317 - CAJAMAR, SP",Fabricação de outras peças e acessórios para veículos automotores não especificadas anteriormente
FEMES FERRAMENTARIA E MAQUINAS ESPECIAIS LTDA,-,-,"Rua Elizabeth Koller, 201 - ITUPEVA, SP",Fabricação de outras peças e acessórios para veículos automotores não especificadas anteriormente
WEHLER FERRAMENTARIA LTDA,-,-,"Rua Ascenso Fernandes, 561 - SAO PAULO, SP",Fabricação de outras peças e acessórios para veículos automotores não especificadas anteriormente
PHOENIX INDUSTRIA E COMERCIO DE FERRAMENTARIA LTDA,-,-,"Avenida Coronel Sezefredo Fagundes, 4777 - SAO PAULO, SP",Fabricação de outras peças e acessórios para veículos automotores não especificadas anteriormente
D.LEON FERRAMENTARIA E INJECAO PLASTICA LTDA.,-,-,"Rua das Rosas, 321 - SANTA RITA DO SAPUCAI, MG",Fabricação de outras peças e acessórios para veículos automotores não especificadas anteriormente
FERMAWI FERRAMENTARIA LTDA,-,-,"Rua Jose Madalozzo, 38 - MARAVILHA, SC",Fabricação de outras peças e acessórios para veículos automotores não especificadas anteriormente
GAFERBRAS TECNOLOGIA EM FERRAMENTARIA,-,-,"Rua Santa Edviges, 272 - JOINVILLE, SC",Fabricação de outras peças e acessórios para veículos automotores não especificadas anteriormente
XXXXXXXXX,-,-,"Rua Jose Rafael Reinert, 110 - JOINVILLE, SC",Fabricação de outras peças e acessórios para veículos automotores não especificadas anteriormente
UFI USINAGEM E FERRAMENTARIA,-,-,"Rua do Retiro, 814 - JUNDIAI, SP",Fabricação de outras peças e acessórios para veículos automotores não especificadas anteriormente
GEA USINAGEM E FERRAMENTARIA,-,-,"Avenida Bertioga, 1875 - VARZEA PAULISTA, SP",Fabricação de outras peças e acessórios para veículos automotores não especificadas anteriormente
S MOLDES,-,-,"Rua Dona Antonia, 8 - GUARULHOS, SP",Fabricação de outras peças e acessórios para veículos automotores não especificadas anteriormente
3A USINAGEM E FERRAMENTARIA,-,-,"Avenida Henri Bobst, 203 - ITATIBA, SP",Fabricação de outras peças e acessórios para veículos automotores não especificadas anteriormente
USINAGEM E FERRAMENTARIA MERCI,-,-,"Avenida Bertioga, 1901 - VARZEA PAULISTA, SP",Fabricação de outras peças e acessórios para veículos automotores não especificadas anteriormente
SIATEC FERRAMENTARIA LTDA,-,-,"Rua Dirceu Balloni, 324 - LIMEIRA, SP",Fabricação de outras peças e acessórios para veículos automotores não especificadas anteriormente
EYFEO USINAGEM E FERRAMENTARIA LTDA,-,-,"Rua Lindorio Rocha, 245 - VARZEA PAULISTA, SP",Fabricação de outras peças e acessórios para veículos automotores não especificadas anteriormente
JADFER USINAGEM E FERRAMENTARIA,-,-,"Rua Artur Leite de Barros Junior, 195 - CAMPINAS, SP",Fabricação de outras peças e acessórios para veículos automotores não especificadas anteriormente
FERBAR FERRAMENTARIA E USINAGEM LTDA.,-,-,"Rodovia Indio Tibirica, 4.444 - RIBEIRAO PIRES, SP",Fabricação de outras peças e acessórios para veículos automotores não especificadas anteriormente
IS FERRAMENTARIA,-,-,"Rua Prefeito Sebastiao Cascardo, 297 - MOGI DAS CRUZES, SP",Fabricação de outras peças e acessórios para veículos automotores não especificadas anteriormente
EXCFER FERRAMENTARIA,-,-,"Rua 26, 1896 - RIO CLARO, SP",Fabricação de outras peças e acessórios para veículos automotores não especificadas anteriormente
JPC FERRAMENTARIA E USINAGEM LTDA,-,-,"Avenida Bertioga, 1655 - VARZEA PAULISTA, SP",Fabricação de outras peças e acessórios para veículos automotores não especificadas anteriormente
J N T,-,-,"Rua Doutor Sergio Goncalves Chaddad, 10 - SAO PAULO, SP",Fabricação de outras peças e acessórios para veículos automotores não especificadas anteriormente
SIMA USINAGEM E FERRAMENTARIA LTDA,-,-,"Rua da Penha, 230 - SAO BERNARDO DO CAMPO, SP",Fabricação de outras peças e acessórios para veículos automotores não especificadas anteriormente
LIMA INDUSTRIA E COMERCIO DE USINAGEM E FERRAMENTARIA LTDA,-,-,"Rua Manoel Vitorino, 425 - GUARULHOS, SP",Fabricação de outras peças e acessórios para veículos automotores não especificadas anteriormente
JBC ESTAMPARIA E FERRAMENTARIA,-,-,"Avenida do Imperador, 3122 - SAO PAULO, SP",Fabricação de outras peças e acessórios para veículos automotores não especificadas anteriormente
A. S. USINAGEM E FERRAMENTARIA LTDA,-,-,"Avenida Duque de Caxias, 2437 - VARZEA PAULISTA, SP",Fabricação de outras peças e acessórios para veículos automotores não especificadas anteriormente
SUEF,-,-,"Rua Jambo-branco, 501 - MANAUS, AM",Fabricação de outras peças e acessórios para veículos automotores não especificadas anteriormente
TORNEARIA OLIVEIRA,-,-,"Avenida Carvalho Leal, 1635 - MANAUS, AM",Fabricação de outras peças e acessórios para veículos automotores não especificadas anteriormente
ROS AUTOMACAO E FERRAMENTARIA LTDA,-,-,"Avenida Dona Ruyce Ferraz Alvim, 2175 - DIADEMA, SP",Fabricação de outras peças e acessórios para veículos automotores não especificadas anteriormente
GLOBAL FERRAMENTARIA,-,-,"Rua Luiz Antony, 391 - MANAUS, AM",Fabricação de outras peças e acessórios para veículos automotores não especificadas anteriormente
FERRAMENTARIA USI TEC,-,-,"Rodovia Br-040, 74.500 - PETROPOLIS, RJ",Fabricação de outras peças e acessórios para veículos automotores não especificadas anteriormente
J.R.K. FERRAMENTARIA E USINAGEM LTDA,-,-,"Rua Barra Velha, 1.056 - JOINVILLE, SC",Fabricação de outras peças e acessórios para veículos automotores não especificadas anteriormente
KADRINA FERRAMENTARIA LTDA,-,-,"Rua Gaspar Barreto, 209 - SAO PAULO, SP",Fabricação de outras peças e acessórios para veículos automotores não especificadas anteriormente
HAUSTIN INDUSTRIA E COMERCIO DE PECAS E FERRAMENTARIA LTDA,-,-,"Rua Susana, 527 - SAO PAULO, SP",Fabricação de outras peças e acessórios para veículos automotores não especificadas anteriormente
ALDEK USINAGEM E FERRAMENTARIA LTDA,-,-,"Rua Piedade, 79 - SOROCABA, SP",Fabricação de outras peças e acessórios para veículos automotores não especificadas anteriormente
ARMELIN FERRAMENTARIA,-,-,"Avenida Rangel Pestana, 571 - SANTO ANDRE, SP",Fabricação de outras peças e acessórios para veículos automotores não especificadas anteriormente
FR FERRAMENTARIA E USINAGEM,-,-,"Rua Ticuna, 75 - ITUPEVA, SP",Fabricação de outras peças e acessórios para veículos automotores não especificadas anteriormente
STERNUM,-,-,"Rua do Nylon, 149 - AMERICANA, SP",Fabricação de outras peças e acessórios para veículos automotores não especificadas anteriormente
USINAGEM E FERRAMENTARIA CASTANHO LTDA,-,-,"Rua Sergio Aparecido de Souza - JUNDIAI, SP",Fabricação de outras peças e acessórios para veículos automotores não especificadas anteriormente
NEW WS FERRAMENTARIA E USINAGENS ESPECIAIS LTDA,-,-,"Avenida Eugen Wissmann, 2310 - ITU, SP",Fabricação de outras peças e acessórios para veículos automotores não especificadas anteriormente
FB USINAGEM E FERRAMENTARIA LTDA,-,-,"Rodovia Vice-prefeito Hermenegildo Tonolli, 4353 - JUNDIAI, SP",Fabricação de outras peças e acessórios para veículos automotores não especificadas anteriormente
POLONI USINAGEM FERRAMENTARIA E COMERCIO DE PECAS LTDA,-,-,"Rua Oros, 216 - SAO JOSE DOS CAMPOS, SP",Fabricação de outras peças e acessórios para veículos automotores não especificadas anteriormente
STC FERRAMENTARIA LTDA,-,-,"Rua David Silva, 84 - LIMEIRA, SP",Fabricação de outras peças e acessórios para veículos automotores não especificadas anteriormente
LUBRANI & BOLSONI FERRAMENTARIA E ARTEFATOS PLASTICOS LTDA,-,-,"Avenida Nove, 294 - ORLANDIA, SP",Fabricação de outras peças e acessórios para veículos automotores não especificadas anteriormente
RN USINAGEM E FERRAMENTARIA,-,-,"Rua Antonio Bonesso, 35 - LOUVEIRA, SP",Fabricação de outras peças e acessórios para veículos automotores não especificadas anteriormente
RGO - FERRAMENTARIA LTDA,-,-,"Avenida Ricardo Bassoli Cezare, 1137 - CAMPINAS, SP",Fabricação de outras peças e acessórios para veículos automotores não especificadas anteriormente
FUMACA & CHACRINHA FERRAMENTARIA LTDA,-,-,"Rua Aquilino Limongi, 55 - ITU, SP",Fabricação de outras peças e acessórios para veículos automotores não especificadas anteriormente
E P DE MORAIS FERRAMENTARIA,-,-,"Rua Princesa Isabel, 145 - INDAIATUBA, SP",Fabricação de outras peças e acessórios para veículos automotores não especificadas anteriormente
FERRAMENTARIA SANTIAGO LIMITADA,-,-,"Avenida Interlagos, 2791 - SAO PAULO, SP",Fabricação de outras peças e acessórios para veículos automotores não especificadas anteriormente
WF5 METALURGICA,-,-,"Rua Joao Franco de Oliveira, 1136 - PIRACICABA, SP",Fabricação de outras peças e acessórios para veículos automotores não especificadas anteriormente
ESTAMPARIA E FERRAMENTARIA JL,-,-,"Rua Alzira Maruyama, 342 - SAO PAULO, SP",Fabricação de outras peças e acessórios para veículos automotores não especificadas anteriormente
FERRAMENTARIA MOURA LTDA,-,-,"Rua Doutor Joao Daniel Hillebrand, 365 - NOVO HAMBURGO, RS",Fabricação de outras peças e acessórios para veículos automotores não especificadas anteriormente
PROENCA FERRAMENTARIA,-,-,"Rua Jose Szpak, 44 - CAMPO LARGO, PR",Fabricação de outras peças e acessórios para veículos automotores não especificadas anteriormente
R.L. FERRAMENTARIA LTDA,-,-,"Avenida Barcelona, 41 - SARANDI, PR",Fabricação de outras peças e acessórios para veículos automotores não especificadas anteriormente
MOLDPAR FERRAMENTARIA LTDA,-,-,"Rua Graca Aranha, 1100 - PINHAIS, PR",Fabricação de outras peças e acessórios para veículos automotores não especificadas anteriormente
JB FERRAMENTARIA,-,-,"Rua Vicente Teles, 85 - MANAUS, AM",Fabricação de outras peças e acessórios para veículos automotores não especificadas anteriormente
KANTO FERRAMENTARIA LTDA,-,-,"Rua Orlandia, 249 - MANAUS, AM",Fabricação de outras peças e acessórios para veículos automotores não especificadas anteriormente
JDM SERVICOS DE FERRAMENTARIA LTDA,-,-,"Rua Habilidade, 125 - NOVA IGUACU, RJ",Fabricação de outras peças e acessórios para veículos automotores não especificadas anteriormente
MOLDLINE FERRAMENTARIA LTDA,-,-,"Rua Manuel de Camargo, 2-50 - BAURU, SP",Fabricação de outras peças e acessórios para veículos automotores não especificadas anteriormente
CAUTEC USINAGEM E FERRAMENTARIA LTDA,-,-,"Avenida Sylvio Vedovato, 405 - SUMARE, SP",Fabricação de outras peças e acessórios para veículos automotores não especificadas anteriormente
RODRIGO MENDES FERRAMENTARIA,-,-,"Rua Ezequiel Mantoanelli, 279 - INDAIATUBA, SP",Fabricação de outras peças e acessórios para veículos automotores não especificadas anteriormente
UNITRON,-,-,"Rua Henrique Pereira Ramos, 10 - BRAGANCA PAULISTA, SP",Fabricação de outras peças e acessórios para veículos automotores não especificadas anteriormente
AMERICA MODELACAO E FERRAMENTARIA,-,-,"Rua Dorothovio do Nascimento, 1077 - JOINVILLE, SC",Fabricação de outras peças e acessórios para veículos automotores não especificadas anteriormente
BRUFRAN,-,-,"Rodovia Br 280, 5065 - ARAQUARI, SC",Fabricação de outras peças e acessórios para veículos automotores não especificadas anteriormente
ONIX FERRAMENTARIA E USINAGEM LTDA,-,-,"Rua Joao Miers, 451 - JOINVILLE, SC",Fabricação de outras peças e acessórios para veículos automotores não especificadas anteriormente
UNITEC,-,-,"Rua Antonio Batista, 49 - UBA, MG",Fabricação de outras peças e acessórios para veículos automotores não especificadas anteriormente
TECHMOTION AUTOMACAO E FERRAMENTARIA,-,-,"Rua Olinto Diniz, 136 - CONTAGEM, MG",Fabricação de outras peças e acessórios para veículos automotores não especificadas anteriormente
TKS FERRAMENTARIA INDUSTRIA E COMERCIO LTDA,-,-,"Rua Tupinambas, 776 - DIADEMA, SP",Fabricação de outras peças e acessórios para veículos automotores não especificadas anteriormente
IRMAOS OSTI FERRAMENTARIA,-,-,"Avenida Doutor Lauro Correa da Silva, 5020 - LIMEIRA, SP",Fabricação de outras peças e acessórios para veículos automotores não especificadas anteriormente
HSZ FERRAMENTARIA LTDA,-,-,"Estrada Marco Polo, 162 - SAO BERNARDO DO CAMPO, SP",Fabricação de outras peças e acessórios para veículos automotores não especificadas anteriormente
FERRAMENTARIA OS IRMAOS LTDA,-,-,"Rua Londrina, 48 - JUNDIAI, SP",Fabricação de outras peças e acessórios para veículos automotores não especificadas anteriormente
CARSIL,-,-,"Rua Rio Preto, 60 - SAO BERNARDO DO CAMPO, SP",Fabricação de outras peças e acessórios para veículos automotores não especificadas anteriormente
MAXMOLD FERRAMENTARIA INDUSTRIA E COMERCIO LTDA,-,-,"Avenida Piraporinha, 1.111 - SAO BERNARDO DO CAMPO, SP",Fabricação de outras peças e acessórios para veículos automotores não especificadas anteriormente
MEGA USINAGEM E FERRAMENTARIA LTDA,-,-,"Rua Antonio Silva Saladino, 1652 - SOROCABA, SP",Fabricação de outras peças e acessórios para veículos automotores não especificadas anteriormente
JOR FERRAMENTARIA E USINAGEM LTDA,-,-,"Rua Javari, 819 - DIADEMA, SP",Fabricação de outras peças e acessórios para veículos automotores não especificadas anteriormente
PRIME FERRAMENTARIA E MODELACAO,-,-,"Rua Calimico, 212 - SANTO ANDRE, SP",Fabricação de outras peças e acessórios para veículos automotores não especificadas anteriormente
AJITEC FERRAMENTARIA LTDA,-,-,"Avenida Duque de Caxias, 2443 - VARZEA PAULISTA, SP",Fabricação de outras peças e acessórios para veículos automotores não especificadas anteriormente
COPYMETAL FERRAMENTARIA LTDA,-,-,"Avenida Dom Pedro I, 1034 - DIADEMA, SP",Fabricação de outras peças e acessórios para veículos automotores não especificadas anteriormente
S A 3 FERRAMENTARIA,-,-,"Rua Antonio Silva Saladino, 1350 - SOROCABA, SP",Fabricação de outras peças e acessórios para veículos automotores não especificadas anteriormente
FERRAMENTARIA L G K LTDA,-,-,"Rua Amador Bueno, 269 - OSASCO, SP",Fabricação de outras peças e acessórios para veículos automotores não especificadas anteriormente
J.P.A. FERRAMENTARIA E USINAGEM,-,-,"Avenida Yadoya, 470 - BOM JESUS DOS PERDOES, SP",Fabricação de outras peças e acessórios para veículos automotores não especificadas anteriormente
PLASTIVAN FERRAMENTARIA,-,-,"Rua Magessi de Carvalho, 245 - SAO PAULO, SP",Fabricação de outras peças e acessórios para veículos automotores não especificadas anteriormente
U.F.P.P.,-,-,"Rua Sao Bernardo do Campo, 300 - VARZEA PAULISTA, SP",Fabricação de outras peças e acessórios para veículos automotores não especificadas anteriormente
HATNER-FERRAMENTARIA E USINAGEM DE PRECISAO LTDA,-,-,"Rua Alexania, 368 - GUARULHOS, SP",Fabricação de outras peças e acessórios para veículos automotores não especificadas anteriormente
SJI FERRAMENTARIA E USINAGEM LTDA,-,-,"Rua Victoria Pena Giorgi, 921b - SANTO ANDRE, SP",Fabricação de outras peças e acessórios para veículos automotores não especificadas anteriormente
PRENSTEC ESTAMPARIA E FERRAMENTARIA LTDA,-,-,"Avenida Dom Pedro I, 4227 - SANTO ANDRE, SP",Fabricação de outras peças e acessórios para veículos automotores não especificadas anteriormente
FERRAMENTARIA G.M. DE MARILIA LTDA,-,-,"Avenida Joao Martins Coelho, 141 - MARILIA, SP",Fabricação de outras peças e acessórios para veículos automotores não especificadas anteriormente
MARQUETI FERRAMENTARIA E ESTAMPARIA LTDA,-,-,"Rua Malmequer-do-campo, 1525 - SAO PAULO, SP",Fabricação de outras peças e acessórios para veículos automotores não especificadas anteriormente
FERPOL FERRAMENTARIA ESPECIALIZADA LTDA,-,-,"Rua Antonio Melchiades dos Santos, 130 - SAO PAULO, SP",Fabricação de outras peças e acessórios para veículos automotores não especificadas anteriormente
ALMATHI,-,-,"Rua Sao Candido, 133 - SAO PAULO, SP",Fabricação de outras peças e acessórios para veículos automotores não especificadas anteriormente
LAP FERRAMENTARIA E USINAGEM,-,-,"Avenida Wallace Simonsen, 1799 - SAO BERNARDO DO CAMPO, SP",Fabricação de outras peças e acessórios para veículos automotores não especificadas anteriormente
GUARARAPES USINAGEM E FERRAMENTARIA DE PRECISAO LTDA,-,-,"Alameda Baguassu - GUARARAPES, SP",Fabricação de outras peças e acessórios para veículos automotores não especificadas anteriormente
INDUSTRIA DE TECNOLOGIA EM FERRAMENTARIA QUALYTEN IMPORTACAO E EXPORTACAO DE MOLDES PLASTICOS,-,-,"Rua Salomao Haddad Baruque, 422 - MONTE MOR, SP",Fabricação de outras peças e acessórios para veículos automotores não especificadas anteriormente
INOVA FERRAMENTARIA LTDA,-,-,"Rua Luigi Greco, 84 - SAO PAULO, SP",Fabricação de outras peças e acessórios para veículos automotores não especificadas anteriormente
S S FERRAMENTARIA LTDA,-,-,"Rua Oswaldo Monteiro, 500 - RIBEIRAO PIRES, SP",Fabricação de outras peças e acessórios para veículos automotores não especificadas anteriormente
AUT TEC USINAGEM,-,-,"Rua Caminho do Pilar, 2364 - SANTO ANDRE, SP",Fabricação de outras peças e acessórios para veículos automotores não especificadas anteriormente
ULTRATEC FERRAMENTARIA INDUSTRIA E COMERCIO LTDA,-,-,"Rua Barao de Taquari, 280 - DIADEMA, SP",Fabricação de outras peças e acessórios para veículos automotores não especificadas anteriormente
FERRAMENTARIA BSM DO BRASIL,-,-,"Rua Solimoes, 350 - DIADEMA, SP",Fabricação de outras peças e acessórios para veículos automotores não especificadas anteriormente
TITANIUM FERRAMENTARIA,-,-,"Rua Joao Franco, 230 - BRAGANCA PAULISTA, SP",Fabricação de outras peças e acessórios para veículos automotores não especificadas anteriormente
FAC TOOLS,-,-,"Rua Joao Antonio Butrico, 700 - SAO BERNARDO DO CAMPO, SP",Fabricação de outras peças e acessórios para veículos automotores não especificadas anteriormente
SLIM FERRAMENTARIA E INDUSTRIA LTDA,-,-,"Rua Doutor Edgard Magalhaes Noronha - SAO PAULO, SP",Fabricação de outras peças e acessórios para veículos automotores não especificadas anteriormente
BAX MOLD FERRAMENTARIA E INJECAO LTDA,-,-,"Rua Cabaxi, 17 - SAO PAULO, SP",Fabricação de outras peças e acessórios para veículos automotores não especificadas anteriormente
FERRAMENTARIA E MODELACAO FF,-,-,"Rua Menina Renata Caraccio Machado Gomes, 224 - LIMEIRA, SP",Fabricação de outras peças e acessórios para veículos automotores não especificadas anteriormente
USIMEFER - USINAGEM DE METAIS E FERRAMENTARIA LTDA,-,-,"Área Rural - PIRACICABA, SP",Fabricação de outras peças e acessórios para veículos automotores não especificadas anteriormente
USI FERRAMENTARIA E USINAGEM,-,-,"Rua Nelson Ferraz da Silva, 24 - LIMEIRA, SP",Fabricação de outras peças e acessórios para veículos automotores não especificadas anteriormente
HENR-TEK,-,-,"Rua Dom Vilares, 1070 - SAO PAULO, SP",Fabricação de outras peças e acessórios para veículos automotores não especificadas anteriormente
VERSATIL FERRAMENTARIA E USINAGEM,-,-,"Rua Jose Romao de Oliveira, 854 - DIADEMA, SP",Fabricação de outras peças e acessórios para veículos automotores não especificadas anteriormente
HO FERRAMENTARIA,-,-,"Rua Manoel dos Santos, 245 - CAMPINAS, SP",Fabricação de outras peças e acessórios para veículos automotores não especificadas anteriormente
FIVE AXIS FERRAMENTARIA LTDA,-,-,"Rua Ramira Urbano Burghi, 26 - CAMPINAS, SP",Fabricação de outras peças e acessórios para veículos automotores não especificadas anteriormente
METALTEC SALTO,-,-,"Rua Etna, 486 - SALTO, SP",Fabricação de outras peças e acessórios para veículos automotores não especificadas anteriormente
FERRAMENTARIA GARDINI INDUSTRIA E COMERCIO LTDA,-,-,"Rua Herwis, 407 - SAO PAULO, SP",Fabricação de outras peças e acessórios para veículos automotores não especificadas anteriormente
POWERTEC FERRAMENTARIA,-,-,"Estrada do Imperio, 467 - SOROCABA, SP",Fabricação de outras peças e acessórios para veículos automotores não especificadas anteriormente
CENTER MOLDES FERRAMENTARIA,-,-,"Rua Vitoria - APARECIDA DE GOIANIA, GO",Fabricação de outras peças e acessórios para veículos automotores não especificadas anteriormente
