Nome,Telefones
"LIMER-STAMP ESTAMPARIA, FERRAMENTARIA E USINAGEM LTDA",(19) 3451-0714
SAKURA TECH BRASIL FERRAMENTARIA E MOLD. PLASTICA LTDA.,(11) 4024-2880
KRISMA FERRAMENTARIA LTDA,-
ESFER,-
MTSZ FERRAMENTARIA E INJECAO PARA TERMOPLASTICOS,-
MOLD BRASIL FERRAMENTARIA LTDA,-
FERRAMENTARIA GASPEC,(11) 4421-8701
IMS ENGENHARIA & FERRAMENTARIA LTDA,-
ESTAMPARIA ITUPEVA,(11) 4591-7444
MOLDTOOL FERRAMENTARIA LTDA,(47) 3121-4400
BC FERRAMENTARIA,(61) 3701-7000
CIANI & DAMO PROJETOS E FERRAMENTARIA LTDA,-
USICOMP - FERRAMENTARIA E INDUSTRIA DE PECAS LTDA,(19) 3455-8600
BRASFER EQUIPAMENTOS INDUSTRIAIS,(47) 3437-4152
FERRAMENTARIA JN LTDA,(47) 3431-8900
PASSARELLA USINAGEM E FERRAMENTARIA LTDA,(19) 3272-8945
ASPRO PLASTIC INDUSTRIA E COMERCIO DE ARTIGOS PLASTICOS E FERRAMENTARIA LTDA,(15) 3335-1390
NORTE FERRAMENTARIA,(47) 3085-5830
THMV INJECAO PLASTICA E FERRAMENTARIA LTDA,(16) 3951-9110
FERRAMENTARIA FERRAVE LTDA,Aberto ⋅ Fecha às 17:00
MOLDES BRASIL,(49) 3522-2933
PLANIFER-FERRAMENTARIA E ESTAMPARIA LTDA,-
FERRAMENTARIA INJECAO GASPARETTE LTDA,-
MRB MACHINING,(41) 3246-1562
METALMASSA FERRAMENTARIA E INJECAO LTDA,(47) 3379-0817
ADF MAQUINAS E EQUIPAMENTOS,(47) 99780-3522
SINTERCAN FERRAMENTARIA LTDA.,(19) 3935-5000
LUCK FERRAMENTARIA,(19) 3936-5777
3R FERRAMENTARIA E USINAGEM,(47) 3436-2507
DIGIMOLD - FERRAMENTARIA DE PRECISAO LTDA,(11) 4035-5557
USIFESP - USINAGEM E FERRAMENTARIA SAO PAULO S.A,-
ALFATECH - FERRAMENTARIA DE PRECISAO LTDA,(11) 4033-5005
RK FERRAMENTARIA LTDA,(41) 3667-0988
GREEN MOLDE,-
FERRAMENTARIA FERMOLD LTDA,(47) 3466-7951
DJ MODELACAO E FERAMENTARIA S/C LTDA,-
MIDIA FERRAMENTARIA LTDA,(47) 3027-6940
RIBFER USINAGEM E FERRAMENTARIA LTDA,(19) 3936-3100
QUALITY FERRAMENTARIA,(47) 3417-4800
OLIVEIRA FERRAMENTARIA,(11) 3705-2821
BRAWAL FERRAMENTARIA DE PRECISAO LTDA.,(11) 2911-8030
SANDEZA USINAGEM E FERRAMENTARIA LTDA.,Aberto ⋅ Fecha às 17:30
FERRAMENTARIA E PROTOTIPO SOLUCAO LTDA,(31) 3597-0268
IFER ESTAMPARIA E FERRAMENTARIA LTDA,(11) 4043-3541
ENNOVE,-
WALBERT,(47) 3447-6800
MAR-TEC,-
DECON INDUSTRIA DE FERRAMENTARIA E PROTOTIPO LTDA,(11) 4054-2361
ANTONIO COSTA FERRAMENTARIA LTDA,(11) 4582-0258
FERRAMENTARIA CAXAMBU,(11) 4584-9696
MODELO METALMECANICA,(41) 3347-3628
FERRAMENTARIA AMERICA LATINA LTDA,(13) 98160-8805
TOP LINE FERRAMENTARIA,(47) 3426-5796
JF FERRAMENTARIA UNIVERSAL LTDA,(19) 3453-7313
ARO ESTAMPARIA E FERRAMENTARIA MECANICA LTDA,(11) 3872-3396
ORBITAL FERRAMENTARIA & SERRALHERIA LTDA,"Av. Lothar Waldemar Hoehne, 1181 - Jardim Rodeio, Mogi das Cruzes - SP, 08775-000"
ZUFER TECNOLOGIA E FERRAMENTARIA LTDA,(11) 4156-8800
HIDEFRAN - FERRAMENTARIA LTDA,(47) 3429-9585
USIFERMAQ USINAGEM E FERRAMENTARIA LTDA,(16) 3301-7444
ANCONA FERRAMENTARIA DE PRECISAO LTDA,(11) 5547-2550
DURIN MOLDES FERRAMENTARIA LTDA,(47) 3026-1100
DMA SERVICOS DE FERRAMENTARIA,-
FERRAMENTARIA ATUAL,(11) 4032-4032
FERMAM FERRAMENTARIA LTDA,(47) 3350-3900
"PROTOMAX FERRAMENTARIA, PROTOTIPOS E USINAGEM LTDA",(31) 2591-5280
KEFAPLAST INJECAO DE PLASTICOS E FERRAMENTARIA LTDA,(19) 3536-4982
MAFRA FERRAMENTARIA,(47) 3426-6009
RIBEIRO FERRAMENTARIA LTDA,(47) 3465-0163
MC FERRAMENTARIA,-
MATRIZFER FERRAMENTARIA DE PRECISAO LTDA,(41) 3642-7485
USIMABE USINAGEM E FERRAMENTARIA LTDA,(12) 3972-0630
FERRAMENTARIA ROS,-
M G FERRAMENTARIA,(19) 3495-3763
ESTAMPA,-
ALFA,-
TORRE FORTE,-
LE MASTER FERRAMENTARIA E METALICA LTDA,(19) 3201-0042
AMD FERRAMENTARIA E CDR,(11) 4109-8767
USIFERC USINAGEM E FERRAMENTARIA CORREA LTDA,(19) 3534-1011
M T S - MOLDES PLASTICOS,-
TECNOMOTRIZ FERRAMENTARIA,(47) 3426-1452
TRAMONTINI MOLDES E MATRIZES,(46) 3225-0008
WFP FERRAMENTARIA,(11) 4555-6555
KAVICOM INDUSTRIA E COMERCIO DE PLASTICOS E FERRAMENTARIA LTDA,"R. do Poliester, 88 - Lot. Industrial Salto Grande I, Americana - SP, 13474-764"
AMPLIATHOS SERVICE,(11) 3995-0970
BUDPLAS - FERRAMENTARIA E PLASTICOS LTDA,(11) 4184-7257
MADELL - FERRAMENTARIA DE PRECISAO,(15) 3442-3220
TOGAWA FERRAMENTARIA E USINAGEM LTDA,(19) 3227-3891
METAL FULL USINAGEM - FERRAMENTARIA,(41) 99228-5694
JG FERRAMENTARIA E USINAGEM,(47) 3376-2709
FERMOPLAS,-
TECHFER FERRAMENTARIA,-
PARSTECH FERRAMENTARIA DE PRECISAO LTDA EPP,-
COPESTONE FERRAMENTARIA LTDA,(43) 3342-3090
RCS FERRAMENTARIA LTDA,(37) 3212-5149
BAURUMOLD,Aberto agora
P W A FERRAMENTARIA INDUSTRIAL LTDA,(11) 2631-4287
E.W.J. USINAGEM E FERRAMENTARIA LTDA,(19) 3876-3561
MONTEFER INDUSTRIA E COMERCIO DE FERRAMENTARIA LTDA,(16) 3243-3232
CAMARGO USINAGEM E FERRAMENTARIA LTDA,(19) 3897-2771
ELETROPLAST FERRAMENTARIA E ARTEFATOS PLASTICOS LTDA,(11) 2721-9454
MB MOLDES,-
"ARTFER FERRAMENTARIA, ESTAMPARIA E USINAGEM LTDA",(11) 3929-0680
MFC FERRAMENTARIA E USINAGEM LTDA,-
MAC CORTE,-
JODECLAN - FERRAMENTARIA COMERCIO E INDUSTRIA LTDA,(11) 4396-2372
ROCHEL,"4ª Av., 324 - Ariribá, Balneário Camboriú - SC, 88330-592"
FUSIMAQ AUTOMACAO,(19) 3597-4010
JHC,(48) 99181-2068
ORIGEM FERRAMENTARIA LTDA,-
"OLIMONE INDUSTRIA DE FERRAMENTARIA, CALDEIRARIA E MANUTENCAO LTDA",-
CONVENTO'S FERRAMENTARIA LTDA,(47) 3425-1001
CORTE A AGUA JOINVILLE,-
KONARDI FERRAMENTARIA LTDA,(47) 3435-2030
FERRAMENTARIA PRINCIPAL LTDA,(47) 3626-7314
DELUMA FERRAMENTARIA INDUSTRIA E COMERCIO LTDA,(11) 4135-2013
FERRAMENTARIA EROTECH LTDA,(19) 3478-7358
WIRECUT FERRAMENTARIA,-
QUALIMOLDE FERRAMENTARIA E INJECAO DE PLASTICOS LTDA,-
SOSCAR,-
BURIL GRAVACOES E FERRAMENTARIA LTDA,(11) 3672-9411
R.G.A FERRAMENTARIA SOCIEDADE UNIPESSOAL LTDA,(15) 3363-4605
SUED PLASTIC FERRAMENTARIA E INJECAO PLASTICA,(11) 4789-4355
USINAGEM E FERRAMENTARIA CAXAMBU,-
PLAST FERRAMENTARIA LTDA,-
INDUSTRIA COMERCIO E FERRAMENTARIA LASIFE,-
STR FERRAMENTARIA LTDA,(47) 3376-5260
ARCA FERRAMENTARIA E INJECAO LTDA,-
DHELTA USINAGEM E FERRAMENTARIA INDUSTRIA E COMERCIO LTDA,(16) 3508-0525
DIZ FERRAMENTARIA E ESTAMPARIA LTDA,(21) 3391-4023
BALDI FERRAMENTARIA DE PRECISAO LTDA,(11) 4033-6640
MOLDMETAL FERRAMENTARIA LTDA,(11) 2021-1942
SILFER FERRAMENTARIA E USINAGEM LTDA,(11) 3694-4759
STEELMOLD FERRAMENTARIA DE PRECISAO LTDA,-
"ALMAR SERVICOS EM FERRAMENTARIA, MODELACAO E FUNILARIA LTDA",-
FEMBRAS FERRAMENTARIA,(24) 3352-1654
METALNOBRE LTDA,-
FERRUSMOL SJCAMPOS FERRAMENTARIA E USINAGEM LTDA,(12) 3931-1854
FERRAMENTARIA E ESTAMPARIA JL LTDA,(11) 2916-6155
MASTERTECH USINAGEM E FERRAMENTARIA LTDA,(11) 4163-4140
PREMIUM,-
C B A ASSUNCAO FERRAMENTARIA E DISPOSITIVOS DE USINAGEM LTDA,(11) 4056-6286
ASPEM - USINAGEM,(19) 3886-1163
FERRAMENTARIA E ESTAMPARIA RICABENS LTDA,(11) 2606-0088
SUL FERRAMENTARIA LTDA,(47) 3034-7976
S S V USINAGEM,(11) 2311-4188
GRAMAQ BRASIL,(47) 3425-9000
JGS FERRAMENTARIA,-
PROEFER FERRAMENTARIA E USINAGEM LTDA,(11) 4587-1301
FERBOMAT-MATRIZES USINAGEM E FERRAMENTARIA,-
PASQUALETTI  FERRAMENTARIA LTDA,(19) 3909-5044
FERRAMENTARIA TJ,-
FAUTEC FERRAMENTARIA AUTOMACAO E USINAGEM LTDA,(12) 3937-1533
LOSUNG USINAGEM E FERRAMENTARIA,-
JS FERRAMENTARIA,(19) 3435-4734
STANFER-ROCCO,(11) 2051-9604
ELRET INDUSTRIA DE PECAS E FERRAMENTARIA LTDA,(11) 2721-3283
BRUDER FERRAMENTARIA INDUSTRIA E COMERCIO LTDA,(11) 5870-7342
FERRAMENTARIA TUMIM LTDA,(15) 3228-1493
FERRAMENTARIA REMAR LTDA,(16) 3375-3050
MOLD COMPANY FERRAMENTARIA,-
CVL FERRAMENTARIA E USINAGEM LTDA,-
MAGAP USINAGEM E FERRAMENTARIA LTDA,(12) 3934-5554
ULTRAFER,-
WIN INDUSTRIA E COMERCIO DE ARTEFATOS DE BORRACHARIA PLASTICOS E FERRAMENTARIA LTDA,(17) 98193-0479
PLASTIMOLDES,(31) 3398-2085
GM FERRAMENTARIA E PLASTICOS LTDA,"Av. Dr. Altíno Gouvêia, 677 - Jardim Pinheiros, Valinhos - SP, 13274-350"
FAREDE INJETADOS PLASTICOS E FERRAMENTARIA LTDA,(11) 2093-7099
EDM FERRAMENTARIA,(11) 4221-6818
HEMAVAL FERRAMENTARIA E USINAGEM,(19) 3936-9777
INCAUTO SERVICOS,-
DISFER FERRAMENTARIA LTDA,(11) 3692-3874
AGO FERRAMENTARIA E USINAGEM LTDA,-
METALWAC UF - USINAGEM E FERRAMENTARIA LTDA,(11) 4071-8539
FERRAMENTARIA NACIONAL,-
FERRAMENTARIA SARDINHA,(17) 3224-4030
FERRAMENTARIA DOIS UNIDOS,"Av. Buriti, 42 - Cachoeirinha, Manaus - AM, 69075-012"
PRESCIMOLD,3866-9737
ASTER ESTAMPAS E FERRAMENTARIA LTDA,"R. Gracyra Resse de Gouvêia, 700 - Dom I. Jardim Piemonte / Sul, Betim - MG, 32689-328"
RR FERRAMENTARIA,-
NOVAPAR FERRAMENTARIA INDUSTRIA E COMERCIO LTDA,(16) 3363-3443
ENZOTEC FERRAMENTARIA INDUSTRIA E COMERCIO LTDA,-
SILVER FERRAMENTARIA E USINAGEM,-
FENIX - FERRAMENTARIA E MODELACAO LTDA,(37) 99912-0882
M & F FERRAMENTARIA E ESTAMPARIA LTDA,-
MULTIMOLDES,-
FERRAMENTARIA BLUMOLDES LTDA,(47) 3334-3055
JPR FERRAMENTARIA E DISPOSITIVOS LTDA,(47) 3227-9416
MJR USINAGEM E FERRAMENTARIA LTDA,(47) 3427-2653
UNIK SOLUCOES INDUSTRIAIS,(47) 98861-9238
MICROFER FERRAMENTARIA,-
USINAGEM E FERRAMENTARIA MONTE GERIZIM,(19) 3887-3790
FORTALE USINAGEM E FERRAMENTARIA LTDA,(19) 3468-1745
GEFERPLAS FERRAMENTARIA INDUSTRIA E COMERCIO LTDA,(19) 3875-8199
GERVIG FERRAMENTARIA E ESTAMPARIA LTDA,(11) 4426-9128
ANGULO FERRAMENTARIA INDUSTRIA E COMERCIO LTDA,(19) 3935-1299
LONEFERR FERRAMENTARIA E ESTAMPARIA IND E COM LTDA,(11) 4341-5477
LIGGA,NOVA FIBRA TELECOM S.A.
SIMONETTO FERRAMENTARIA LTDA,(43) 3338-8954
BTOMEC FERRAMENTARIA E USINAGEM DE PRECISAO LTDA.,(47) 3436-0600
TT TERMINAIS TECNICOS ESTAMPARIA E FERRAMENTARIA LTDA,-
TEC SOLUTIONS DESIGN FERRAMENTARIA E MODELACAO LTDA,(11) 99738-7960
USIA FERRAMENTARIA E USINAGEM,-
RICFER FERRAMENTARIA,-
STAMPWAY,(19) 3033-0403
FHS,-
ITALIA AUTOMACAO,-
FVR FERRAMENTARIA E ESTAMPARIA,(11) 2412-5849
RADAR-USINAGEM E FERRAMENTARIA LTDA,-
WALDECK MODELACAO E FERRAMENTARIA LTDA,-
NHS INDUSTRIA E COMERCIO DE FERRAMENTARIA LTDA,(11) 5562-4823
GALLANT PLASTICOS,(11) 4055-5775
INJETPAC,-
STEELMOLD,-
TEBY PLASTICOS E FERRAMENTARIA,(81) 3545-2212
FUSIMAQ AUTOMACAO INDUSTRIAL,(19) 3597-4010
PARKFER FERRAMENTARIA LTDA,(47) 3467-7727
FERRAMENTARIA SOUZA LTDA,(47) 3435-2009
METAL CAMP,-
VALMAR FERRAMENTARIA - LTDA,(16) 3375-4012
FERPOL FERRAMENTARIA,(11) 3876-0687
SN FERRAMENTARIA LTDA,(11) 99442-3230
MARQ FERRAMENTARIA,(19) 3929-5946
METALEX FERRAMENTARIA INDUSTRIA E COMERCIO LTDA,(11) 3599-4411
SCMN USINAGEM E FERRAMENTARIA LTDA,(16) 3333-4157
MAGO FERRAMENTARIA LTDA,(11) 4072-3180
RB MOLD,(11) 4593-3520
OREON,-
MOLDESTAMP FERRAMENTARIA LTDA,-
DALCAMP TOOLS FERRAMENTARIA LTDA,(41) 3131-2274
USINAGEM E FERRAMENTARIA GLAUDYJ LTDA,(11) 4525-2393
"PLAST METAL FERRAMENTARIA, MAQUINAS E EQUIPAMENTOS LTDA",(19) 98291-0888
IND E COM DE FERRAMENTARIA L A L LTDA,(11) 2781-0807
R P M FERRAMENTARIA,(11) 4022-3393
DA MATTA SERVICOS DE FERRAMENTARIA LTDA,-
ELFERMAQ FERRAMENTARIA LTDA,(19) 3549-0571
BEVIAN INDUSTRIA E COMERCIO DE FERRAMENTARIA LTDA,(11) 2994-3936
PRESETEC FERRAMENTARIA,(15) 3228-2209
FLEX-MOLD,(11) 2254-3080
ROBMECFER COMERCIO E FERRAMENTARIA LTDA,(11) 2214-8282
NALTEC-FERRAMENTARIA E USINAGEM,(11) 4587-1836
METAL MASO FERRAMENTARIA E ESTAMPARIA LTDA,(11) 3972-2268
INTERMEC FERRAMENTARIA DE PRECISAO LTDA,-
TORNOZIL USINAGEM E FERRAMENTARIA,(19) 3241-1459
M D F VINHEDO FERRAMENTARIA E USINAGEM LTDA,(19) 3826-1307
RIBMETAL FERRAMENTARIA E USINAGEM LTDA,(19) 3936-3100
GHL FERRAMENTARIA DE MOLDES LTDA,(19) 3500-6907
FERRAMENTARIA BONETI LTDA,(19) 3807-3266
CHAVES FERRAMENTARIA INDUSTRIA E COMERCIO LTDA,(47) 3626-8192
ALLCAP,(54) 3462-6408
H.R. FERRAMENTARIA ESTAMPARIA E USINAGEM LTDA,-
FERRAMENTARIA DOMAR LTDA,(47) 3453-0499
FERRAMENTARIA PICKLER,(47) 3467-1045
B K SUL FERRAMENTARIA,(47) 3034-7976
ACIBEL - FERRAMENTARIA E INDUSTRIA DE ARTEFATOS DE PLASTICOS LTDA-ME,(11) 2219-2805
AZEPLAS FERRAMENTARIA INDUSTRIA E COMERCIO DE ULTILIDADES DOMESTICAS LTDA,(49) 3328-6515
TERA,-
STAMP,-
SERVMOL FERRAMENTARIA E USINAGEM,(19) 3457-5631
LUJAN FERRAMENTARIA INDUSTRIA E COMERCIO LTDA.,(11) 4135-2013
ABA MOLDE FERRAMENTARIA DE MOLDES PLASTICOS LTDA,(15) 3202-6942
PRODUCEL USINAGEM E FERRAMENTARIA LTDA,(19) 3804-7113
JMHR USINAGEM E FERRAMENTARIA LTDA,(19) 3441-7140
USIFER FERRAMENTARIA LTDA,(47) 3435-7163
MICROCASTH FERRAMENTARIA E MONTAGENS LTDA,-
GOODMOLD,(19) 3876-0112
VG FER FERRAMENTARIA E AUTOMACAO,(19) 97410-9336
DS - FERRAMENTARIA,(16) 3368-2092
ALVES & SILVA,-
FERRAMENTARIA LAGEMANN,(45) 3226-3227
JM FERRAMENTARIA,(47) 3027-1615
A S K FERRAMENTARIA E ARTEFATOS DE PLASTICOS,(51) 3715-4095
METALTEC USINAGEM E FERRAMENTARIA LTDA,(48) 99860-9870
CONECTA USINAGEM E FERRAMENTARIA,(19) 3225-6778
METALURGICA BEISEL,(11) 2523-3599
J.J. FERRAMENTARIA LTDA,(15) 3343-1314
KADIMA FERRAMENTARIA,(11) 99968-6152
FC FERRAMENTARIA E USINAGEM,-
FERRAMENTARIA PAULISTA,-
WDVA FERRAMENTARIA,(15) 99840-2886
ABSCISSA FERRAMENTARIA,(11) 4685-7917
COMERCIAL JL,(48) 3443-7070
ENGEMOLDES FERRAMENTARIA E INJECAO LTDA,(41) 3327-0566
MAITA FERRAMENTARIA,(11) 2047-2400
USIMOLD FERRAMENTARIA,(47) 3438-3248
POLLO FERRAMENTARIA,(47) 99109-0804
C & B FERRAMENTARIA LTDA,Dennis Ritchie
FERRAMENTARIA PANDIM LTDA,(17) 3242-6999
LUZ & LUZ,-
NOTIP FERRAMENTARIA,(19) 3414-4166
USIMOR,-
VAC USINAGEM E FERRAMENTARIA,-
DONI - TEC FERRAMENTARIA E USINAGEM LTDA,(11) 4035-1848
ISOFER,(19) 3832-7200
FERRAMENTARIA CM LTDA,-
USIEVAN DISPOSITIVOS DE CONTROLE E SERVICOS DE MEDICAO,(11) 4056-3591
E.G.FERRAMENTARIA,(35) 3621-5023
FERPLAS,(82) 3324-5555
FERRAMENTARIA CRISALF LTDA,(24) 2232-1006
FERRAMENTARIA NOVA ERA LTDA,-
PRECISION USINAGEM E FERRAMENTARIA LTDA,(48) 3033-1373
ATRIUM FERRAMENTARIA LTDA,-
SIGA FERRAMENTARIA LTDA,(47) 3435-6450
FERRAMENTARIA JOINVILLE LTDA,-
LS MOLD USINAGEM E FERRAMENTARIA LTDA.,-
ANPADEVA,(11) 2345-5680
FERRAPLAST FERRAMENTARIA INDUSTRIA E COMERCIO DE PRODUTOS PLASTICOS LTDA,(19) 3444-3584
ISOMAR FERRAMENTARIA,"R. Inácio Gomes, 51 - loja 69 - Bom Pastor, Divinópolis - MG, 35500-150"
ADAM PLAST FERRAMENTARIA LTDA,(11) 2482-3811
GRIFFY FERRAMENTARIA DE PRECISAO LTDA,-
FERRAMENTARIA VERSATEC,(11) 4043-2909
BROGLIPLAST,(11) 3936-4880
INVICTA FERRAMENTARIA,(31) 2567-5664
G.V.P USINAGEM E FERRAMENTARIA,(31) 3712-3577
INDUSTRIA METALURGICA LOGITECH,-
FEIC FERRAMENTARIA,(11) 4840-4000
TECNOMAQ,(48) 99114-9583
FAST ESTAMP FERRAMENTARIA LTDA,-
MOLD RUBBER,(19) 3846-9103
ELETROTEC,(48) 3223-0791
CRIVALARO,-
CASA MIX MATERIAIS E FERRAMENTARIA,-
DELLAFER USINAGEM E FERRAMENTARIA LTDA,-
ESCALA USINAGEM E FERRAMENTARIA,(31) 3591-7339
LEMA,-
ROMER,-
DOLLO FERRAMENTARIA,-
USIBRAX FERRAMENTARIA - MANUTENCAO E COMERCIO DE MAQUINAS LTDA,(11) 4069-8200
RECUPERADORA BRASIL MP,(34) 99682-1447
SHAMAH,-
USINATEQ,-
USIENI FERRAMENTARIA LTDA,(11) 4595-6291
TLS USINAGEM E FERRAMENTARIA LTDA,(15) 3223-4777
FLEX MILL,(19) 3935-0436
USINAGEM E FERRAMENTARIA GALLINUCCI LTDA,(11) 4474-6803
GUATIFER,(11) 2914-4662
FERRAMENTARIA & ESTAMPARIA PELLEGRINO LTDA,-
STL USINAGEM E FERRAMENTARIA LTDA,(15) 3223-4777
AUTO POSTAL INDUSTRIA E COMERCIO DE PECAS E FERRAMENTARIA LTDA,-
FILLER FERRAMENTARIA,(11) 4018-4413
MEGAFER FERRAMENTARIA E USINAGEM,(11) 4496-4682
ALPES FERRAMENTARIA INDUSTRIA E COMERCIO LTDA,(11) 4337-5000
EROMOLDE FERRAMENTARIA LTDA,(17) 3463-3899
FERRUCE-FERRAMENTARIA E USINAGEM DE CERQUILHO LTDA,(15) 3284-1956
IMES - FERRAMENTARIA DE MOLDES E ESTAMPOS SCHMIDT LTDA,(11) 3903-9403
MECATEC FERRAMENTARIA LTDA,(11) 3751-3086
JT FERRAMENTARIA E USINAGEM,(47) 3427-1050
TOPMASTER FERRAMENTARIA,(47) 99618-2222
BETA,-
FERRAMENTARIA MATRIMOLDE,(44) 3031-6632
BAJOFER FERRAMENTARIA LTDA,(11) 4022-6779
SABINO FERRAMENTARIA,-
FERRAMENTARIA JUATUBA LTDA,(31) 3535-5544
VR FERRAMENTARIA LTDA,-
JOTAERRE,(37) 3212-3694
MULTPRESS,(19) 3456-3349
TNN FERRAMENTARIA E USINAGEM LTDA,(11) 4075-3636
USIDANI USINAGEM E FERRAMENTARIA LTDA,-
VALENTE FERRAMENTARIA LTDA,(11) 4718-2563
VIOTTO USINAGEM E FERRAMENTARIA LTDA,-
FOXMOLD FERRAMENTARIA LTDA,-
SMR USINAGEM E FERRAMENTARIA,(19) 3533-1100
WORLD MOLDES,(19) 3368-5320
PREVIATO'S FERRAMENTARIA DE PRECISAO LTDA,(11) 4453-4440
"CRDC FERRAMENTARIA, USINAGEM, ESTAMP. E INJ. DE PLAST",-
H D AZEVEDO FERRAMENTARIA,(11) 98811-3435
USIMETALTEC,(19) 3492-4875
SERFER FERRAMENTARIA USINAGEM LTDA,(11) 4596-5868
CBP FERRAMENTARIA INDUSTRIA LTDA,(19) 3809-4969
USITRON FERRAMENTARIA DE PRECISAO LTDA,(51) 3586-7766
SIQUEIRA USINAGEM E FERRAMENTARIA,(19) 3885-0763
FERRAMENTARIA CANCELIER,(48) 3465-6003
CADORIN TECNOLOGIA EM USINAGEM,(47) 3454-8658
UNIMATRIZ FERRAMENTARIA,(47) 3466-4277
TECHMEAS FERRAMENTARIA E USINAGEM DE PECAS,(47) 3425-2442
CE FERRAMENTARIA E ESTAMPARIA,(31) 3398-2229
RCA SERVICOS DE FERRAMENTARIA LTDA.,-
CAMPOSFER,(92) 3663-4900
TRES TRIANGULOS USINAGEM E FERRAMENTARIA,(31) 3531-4044
MDR FERRAMENTARIA,(11) 5666-9750
WM TECH-FERRAMENTARIA E INJECAO DE PECAS PLASTICAS,(11) 97832-4009
CN FERRAMENTARIA,(48) 99664-5716
3D MODELACAO E FERRAMENTARIA LTDA,-
SICAPI COMERCIO E FERRAMENTARIA DE PRECISAO LTDA,-
"FUSH FERRAMENTARIA, USINAGEM E SOLUCOES HIDRAULICAS LIM",-
ARONTEC AUTOMACAO,(19) 99278-3003
PRISMA FERRAMENTARIA DE PRECISAO LTDA,-
DASPROJEKT PROJETOS,-
FERRAMENTARIA JORDANESIA INDUSTRIA E COMERCIO LTDA,(11) 4447-5492
FEMES FERRAMENTARIA E MAQUINAS ESPECIAIS LTDA,(11) 4591-3015
WEHLER FERRAMENTARIA LTDA,(11) 2586-4910
PHOENIX INDUSTRIA E COMERCIO DE FERRAMENTARIA LTDA,(16) 3324-6600
D.LEON FERRAMENTARIA E INJECAO PLASTICA LTDA.,(35) 3471-4817
FERMAWI FERRAMENTARIA LTDA,(49) 3664-4809
GAFERBRAS TECNOLOGIA EM FERRAMENTARIA,(47) 3439-1500
XXXXXXXXX,-
UFI USINAGEM E FERRAMENTARIA,(11) 4493-9789
GEA USINAGEM E FERRAMENTARIA,-
S MOLDES,(11) 2475-2999
3A USINAGEM E FERRAMENTARIA,(11) 4524-0408
USINAGEM E FERRAMENTARIA MERCI,(11) 4595-1937
SIATEC FERRAMENTARIA LTDA,(19) 3445-3888
EYFEO USINAGEM E FERRAMENTARIA LTDA,"Av. Lindório Rocha, 245 - Chacaras Santa Martha, Várzea Paulista - SP, 13222-680"
JADFER USINAGEM E FERRAMENTARIA,(19) 3272-4188
FERBAR FERRAMENTARIA E USINAGEM LTDA.,(11) 4824-1336
IS FERRAMENTARIA,-
EXCFER FERRAMENTARIA,(47) 3382-3018
JPC FERRAMENTARIA E USINAGEM LTDA,-
J N T,-
SIMA USINAGEM E FERRAMENTARIA LTDA,(47) 3027-3753
LIMA INDUSTRIA E COMERCIO DE USINAGEM E FERRAMENTARIA LTDA,Aberto agora
JBC ESTAMPARIA E FERRAMENTARIA,(43) 99975-8513
A. S. USINAGEM E FERRAMENTARIA LTDA,-
SUEF,-
TORNEARIA OLIVEIRA,(47) 3343-7374
ROS AUTOMACAO E FERRAMENTARIA LTDA,(11) 4043-3438
GLOBAL FERRAMENTARIA,Aberto agora
FERRAMENTARIA USI TEC,-
J.R.K. FERRAMENTARIA E USINAGEM LTDA,-
KADRINA FERRAMENTARIA LTDA,-
HAUSTIN INDUSTRIA E COMERCIO DE PECAS E FERRAMENTARIA LTDA,-
ALDEK USINAGEM E FERRAMENTARIA LTDA,(15) 3228-6663
ARMELIN FERRAMENTARIA,(11) 4425-0614
FR FERRAMENTARIA E USINAGEM,(11) 4593-3378
STERNUM,-
USINAGEM E FERRAMENTARIA CASTANHO LTDA,(11) 4537-1917
NEW WS FERRAMENTARIA E USINAGENS ESPECIAIS LTDA,(11) 4022-7929
FB USINAGEM E FERRAMENTARIA LTDA,(11) 94141-0134
POLONI USINAGEM FERRAMENTARIA E COMERCIO DE PECAS LTDA,(12) 3341-2092
STC FERRAMENTARIA LTDA,-
LUBRANI & BOLSONI FERRAMENTARIA E ARTEFATOS PLASTICOS LTDA,-
RN USINAGEM E FERRAMENTARIA,-
RGO - FERRAMENTARIA LTDA,-
FUMACA & CHACRINHA FERRAMENTARIA LTDA,-
E P DE MORAIS FERRAMENTARIA,(19) 3935-2412
FERRAMENTARIA SANTIAGO LIMITADA,(19) 3862-8791
WF5 METALURGICA,"Av. Pref. Osmar Cunha - Centro, Florianópolis - SC, 88015-090"
ESTAMPARIA E FERRAMENTARIA JL,-
FERRAMENTARIA MOURA LTDA,(51) 3591-5418
PROENCA FERRAMENTARIA,-
R.L. FERRAMENTARIA LTDA,(44) 3035-5240
MOLDPAR FERRAMENTARIA LTDA,(41) 3551-6296
JB FERRAMENTARIA,-
KANTO FERRAMENTARIA LTDA,(92) 3237-8271
JDM SERVICOS DE FERRAMENTARIA LTDA,-
MOLDLINE FERRAMENTARIA LTDA,(14) 3206-0060
CAUTEC USINAGEM E FERRAMENTARIA LTDA,(19) 3838-2100
RODRIGO MENDES FERRAMENTARIA,-
UNITRON,1952
AMERICA MODELACAO E FERRAMENTARIA,(47) 3305-3238
BRUFRAN,-
ONIX FERRAMENTARIA E USINAGEM LTDA,-
UNITEC,(48) 99698-0123
TECHMOTION AUTOMACAO E FERRAMENTARIA,(31) 2559-1159
TKS FERRAMENTARIA INDUSTRIA E COMERCIO LTDA,-
IRMAOS OSTI FERRAMENTARIA,(19) 3451-6450
HSZ FERRAMENTARIA LTDA,-
FERRAMENTARIA OS IRMAOS LTDA,-
CARSIL,(11) 2897-6496
MAXMOLD FERRAMENTARIA INDUSTRIA E COMERCIO LTDA,(43) 3347-2327
MEGA USINAGEM E FERRAMENTARIA LTDA,-
JOR FERRAMENTARIA E USINAGEM LTDA,-
PRIME FERRAMENTARIA E MODELACAO,(41) 99754-0650
AJITEC FERRAMENTARIA LTDA,(11) 4606-1608
COPYMETAL FERRAMENTARIA LTDA,(11) 98588-7292
S A 3 FERRAMENTARIA,-
FERRAMENTARIA L G K LTDA,(11) 97572-3371
J.P.A. FERRAMENTARIA E USINAGEM,-
PLASTIVAN FERRAMENTARIA,-
U.F.P.P.,-
HATNER-FERRAMENTARIA E USINAGEM DE PRECISAO LTDA,(11) 2303-7148
SJI FERRAMENTARIA E USINAGEM LTDA,-
PRENSTEC ESTAMPARIA E FERRAMENTARIA LTDA,-
FERRAMENTARIA G.M. DE MARILIA LTDA,(14) 3425-3084
MARQUETI FERRAMENTARIA E ESTAMPARIA LTDA,-
FERPOL FERRAMENTARIA ESPECIALIZADA LTDA,-
ALMATHI,(47) 3382-3720
LAP FERRAMENTARIA E USINAGEM,"Av. Wallace Simonsen, 1799 - Nova Petrópolis, São Bernardo do Campo - SP, 09771-211"
GUARARAPES USINAGEM E FERRAMENTARIA DE PRECISAO LTDA,(18) 3406-3071
INDUSTRIA DE TECNOLOGIA EM FERRAMENTARIA QUALYTEN IMPORTACAO E EXPORTACAO DE MOLDES PLASTICOS,-
INOVA FERRAMENTARIA LTDA,-
S S FERRAMENTARIA LTDA,(11) 4828-6397
AUT TEC USINAGEM,Aberto agora
ULTRATEC FERRAMENTARIA INDUSTRIA E COMERCIO LTDA,(11) 4055-2274
FERRAMENTARIA BSM DO BRASIL,-
TITANIUM FERRAMENTARIA,-
FAC TOOLS,(11) 4356-2851
SLIM FERRAMENTARIA E INDUSTRIA LTDA,(47) 3207-1816
BAX MOLD FERRAMENTARIA E INJECAO LTDA,(11) 5842-1720
FERRAMENTARIA E MODELACAO FF,-
USIMEFER - USINAGEM DE METAIS E FERRAMENTARIA LTDA,(19) 3422-7545
USI FERRAMENTARIA E USINAGEM,(19) 99947-4941
HENR-TEK,-
VERSATIL FERRAMENTARIA E USINAGEM,(11) 4044-1551
HO FERRAMENTARIA,(19) 98603-2890
FIVE AXIS FERRAMENTARIA LTDA,-
METALTEC SALTO,Aberto agora
FERRAMENTARIA GARDINI INDUSTRIA E COMERCIO LTDA,(11) 2717-3954
POWERTEC FERRAMENTARIA,(15) 3231-8309
CENTER MOLDES FERRAMENTARIA,(62) 99440-6229
Vama Industrial,(47) 3473-0180
GTF Ferramentaria,(47) 3467-3486
JN Ferramentaria,(47) 3431-8900
Aethra Ferramentaria,-
Simoldes Aços Brasil,(41) 2141-2200
Tool Machine,(47) 3434-4520
Scopum Ferramentaria,(47) 3025-3991
Top Line Ferramentaria,(47) 3426-5796
Kammoldes,(47) 3425-4098
FHS Ferramentaria,Aberto ⋅ Fecha às 17:00
Walbert Modelação e Ferramentaria,(47) 3447-6800
Toyo Matic Aerospace,(11) 2720-0600
Matrizes Valmasser,(54) 3228-4566
JR Oliveira Indústria Metalúrgica,(54) 3224-1869
IMM indústria de Moldes e Matrizes,(47) 3402-3100
Estampo Tec,(11) 2487-2977
Herten Engenharia de Moldes,(47) 3435-1501
Parstech Ferramentaria de Precisão,-
MWCut Ferramentas de Precisão,(11) 2277-5214
Digimold Ferramentaria de Precisão,(11) 4035-5557
Union Moldes,(47) 3802-7070
New Tech Company,(54) 3535-0700
Fastparts Protótipos,(47) 2101-7777
Indústria de Matrizes Belga,(54) 3238-0100
Techcontrol Indústria de Dispositivos de Controle,(47) 3433-7709
Indústria Mecânica Amadi,(11) 4606-7255
Aeromatrizes Indústria de Matrizes,(54) 3533-4000
Moldtool Ferramentaria,(47) 3121-4400
Gama Indústria de Matrizes,(54) 3535-5770
3R Moldes,(47) 3436-2507
Ribeiro Ferramentaria,(47) 3465-0163
Multimatech,(54) 3279-3300
Artis Matriz,(41) 3392-1706
VOA Indústria,(31) 3665-8750
Indústria Metalúrgica Usifer,-
Giacomini Indústria e Comércio,(43) 3341-6315
Btomec Ferramentaria e Usinagem de Precisão,(47) 3436-0600
Sulmax,(44) 99852-4488
Magna Indústria de Moldes e Matrizes,(47) 3028-5300
Massochini Moldes e Matrizes,(54) 3212-3133
Inova Matrizes,(54) 3027-3901
Mafra Ferramentaria,(47) 3426-6009
Global Moldes,(11) 3602-6750
Sulbras Moldes e Plásticos,-
R.A-Metal Ferramentaria,(19) 3444-3467
Parkfer Ferramentaria,(47) 3467-7727
RK Ferramentaria,(41) 3667-0988
Winter Industrial,(47) 3441-7100
Conventos Ferramentaria,(47) 3425-1001
Italbras Moldes,(54) 3289-2500
Elite Indústria de Matrizes,(54) 3013-5656
High Tech Moldes de Precisão,(54) 3222-7317
FR Tools Ferramentaria de Precisão,(11) 4603-1960
Stamp & Molde Ferramentaria de Precisão,-
Coprima Moldes e Ferramentas de Corte,(54) 3224-3200
Injetaq Indústria e Comércio,(11) 4070-5656
Empresas Icon,(48) 3431-1800
JWM Indústria e Comércio,Aberto ⋅ Fecha às 18:00
IBT Indústria de Moldes,(47) 3461-4000
Jplast Indústria de Moldes,(11) 3945-0845
Tramontini Ferramentaria,(46) 3225-0008
Moldar Desenvolvimento de Matrizes,-
Feic Ferramentaria,(11) 4840-4000
MJC Ferramentaria e Usinagem,(19) 2218-3884
JM Ferramentaria (Betim),"Av. Fausto Ribeiro da Silva, 1307 - Bandeirinhas, Betim - MG, 32654-805"
FBM Fábrica Brasileira de Moldes,(47) 3043-5080
Indab Indústria Metalúrgica,-
Moldit Brasil,(71) 98344-4702
Machinery Tooling Unit - Nidec GA,-
Moldestamp Solution,(31) 98302-5234
Ferramentaria Gaspec,(11) 4421-8701
Prodemol,(11) 4393-6363
Schuma Moldes e Matrizes,(47) 3427-3280
Gramaq ,(47) 3425-9000
Modelação Universal,(11) 2217-7800
Robert Bosch,-
Hame Tecnometal,Aberto agora
Ancona Ferramentaria de Precisão,(11) 5547-2550
Technocut,(19) 3935-6590
Quality Ferramentaria,(47) 3417-4800
Sildre Plásticos e Matrizes,(54) 3209-8100
Moldes Brasil Ferramentaria,(49) 3522-2933
Moltec,-
Ferramentaria Solução,(31) 3597-0268
R2 Usinagem e Ferramentaria,(19) 3407-5367
Fermold,(47) 3466-7951
Gestamp,-
Matrizes Sadel,(54) 3214-8373
Norte Ferramentaria do Brasil,(47) 3085-5830
WGO Indústria Metalúrgica,(11) 2965-4171
Maffer Componentes para Moldes,(54) 3221-8866
Cicma Matrizes,(54) 3283-4477
Flej Fabricação de Ferramentas,Aberto ⋅ Fecha às 17:00
WF Modelação e Ferramentaria,(19) 2221-5551
JT Ferramentas,-
GHL Ferramentaria de Moldes,(19) 3500-6907
Proefer Ferramentaria e Usinagem,(11) 4587-1301
Mold Solutions,-
RTM Indústria de Moldes,(54) 3213-5053
Ferramentaria Pickler,(47) 3467-1045
